2018-02-26 19:16:23,b'#patheticindianmedia #SrideviDeathMystery shame on you'
2018-02-26 19:16:16,"b""It just keeps getting better and better. \nThis one's by far the best! \n#NewsKiMaut #Sridevi\n#SrideviDeathMystery\n\nhttps://t.co/8srhAA0rHW"""
2018-02-26 19:16:05,b'Bollywood deaths have more stories than bollywood movies. #SrideviDeathMystery'
2018-02-26 19:15:58,b'#SrideviDeathMystery \xf0\x9f\x98\xa2\xf0\x9f\x98\xa2 rip legend https://t.co/QdsBvkbXKQ'
2018-02-26 19:15:43,b'You have good journalism.\nYou have bad journalism.\nThen you have 50 feet of shit.\nAnd then there is this.\n\n#SrideviDeathMystery https://t.co/8Mr3FhfIEI'
2018-02-26 19:15:37,b'#sridevideathmystery @TimesNow you are the most fucked up news channel in India. You guys are fucking retards. Cheapsters.'
2018-02-26 19:15:23,"b'@akashbanerjee Wow interesing stuff, what a creative person you are. You are giving tough competition to @KapilSharmaK9  with your comic timing but with true facts.#SrideviDeathMystery'"
2018-02-26 19:15:13,"b""@Manish_humanity @inclusivemind @Vidyaraj51 @INCIndia Google up who owns Wire. u'll get ur ans\n#WoMannKiBaat\n#SrideviDeathMystery\n#KyaUlluBanaya\nManoj Baitha\nShashi Tharoor\nAccidental Drowning"""
2018-02-26 19:15:09,"b""Ha..Ha.. @pbhushan1 Since when media started cracking the cases? Did they crack #SunandaPuskhar murder case or for that matter #SukanyaDevi rape-case?\nIf you are really so concerned for Loya case, why don't u join Dushyant-Dave in SC and fight for Loya?\xf0\x9f\xa4\x94\n#SrideviDeathMystery https://t.co/zl48ixmSEG"""
2018-02-26 19:14:48,"b""Let's call THE MYSTERY MACHINE \n#sridevideathmystery can only be solved by one man\nOops he's not a man he is a doggy\n     ''Scooby Dooby Doo''"""
2018-02-26 19:14:46,b'@moronhumor What a crap demonstration of #SrideviDeathMystery by the Indian Media !! ...Aghast !! \nLike some sort of competition going on among them .'
2018-02-26 19:14:07,"b'Dubai hospital says there was a mistake in the translation from Arabic to English and they never mentioned the word ""Accidental"" and misspelt word ""Drawning"" in their original report... Makes sense... But the question in the drama continues.. #Sridevi #SrideviDeathMystery'"
2018-02-26 19:13:33,"b""Just in, What's the conspiracy behind @SrideviBKapoor  Death? is it an accidental drowning? that's what forensic reports says\n#SrideviDeathMystery \n#Sridevi \n#srideviBkapoor \n#RGV @RGVzoomin https://t.co/9clkCGnK3B"""
2018-02-26 19:13:32,b'One wonders whether the fall of Indian journalism to this abysmal standards and journalists ranting on air like they are high on some skunk weed is largely because of the pernicious influence brought upon by Arnab Gomutraswami #media #SrideviDeathMystery'
2018-02-26 19:13:30,"b""#SrideviDeathMystery plz let her sleep in peace.. if her family said that she didn't killed why we think like that ..\n there is no mystery .. she died a normal death .."""
2018-02-26 19:13:28,"b'#SrideviDeathMystery\n\'The country is desperate to hear the news that the ""hava havai"" actress gone to the wind of heaven by drowning in water accedentally\'.'"
2018-02-26 19:13:27,"b'Beauty who killed millions heart now laid down in alone in a coffin between argument n investigation, Beauty ends wit death, women stil pay the price 4it.  #SrideviDeathMystery wish #Sridevi death is not #Conspiracy as #BreakingNews pours in. Shame on channels making debate on it'"
2018-02-26 19:13:19,b'#SrideviDeathMystery\n\nhttps://t.co/QLI8jKRErB\nAdventures of Tim &amp; stash vlog #2'
2018-02-26 19:13:06,"b'#Sridevi #SrideviDeathMystery #sridevideath \nSo disgusted, I have muted the the three hashtags and the word sridevi.\nMy TL will be lot more cleaner for the next few weeks.'"
2018-02-26 19:13:02,b'Rest Of World \n-------------------------\nNews Channel = T.V channel Which broadcast News \n\nIndia\n-------\nNews Channel = So called News Channel which broadcast Drama with Zero integrity \n\n#NewsKiMaut\n#SrideviDeathMystery'
2018-02-26 19:12:48,b'@inclusivemind @indcheated2014 @Mayavi101 @Vidyaraj51 @INCIndia Lolzzz karwa deta decalre RSS ko ek terrorist organisation. Sonia me dum nahi tha u agree ?\n#WoMannKiBaat\n#SrideviDeathMystery\n#KyaUlluBanaya\nManoj Baitha\nShashi Tharoor\nAccidental Drowning'
2018-02-26 19:12:45,b'@ShashiTharoor @SrideviBKapoor #SrideviDeathMystery Case similarities with Sunanda Pushkar death ..Both death in hotel room ..? Perfect Crime story..Will u agree .'
2018-02-26 19:12:39,"b'The reason why I stopped watching Indian news channels in 2015 and only read newspapers is because of shit like this. Full of fake news, nautankis and inhumanity.\nSeriously, WTF Arnab dubbing this as #SrideviDeathMystery Let #Sridevi RIP and leave her family alone! \xf0\x9f\x98\xa0 https://t.co/6vC9rpU9rY'"
2018-02-26 19:12:38,"b""#SrideviDeathMystery really? Twitter and media will solve this now? I tgought it was police's job. Have some shame and leave her alone. No need to speculate when you don't know shit. Her family doesnt need this right now. If y'all can't show empathy just shut the hell up ffs"""
2018-02-26 19:12:35,"b'Feeling shameless of being indian and watching all this, such a insane and Hippocratic thinking.. #SrideviDeathMystery'"
2018-02-26 19:12:33,"b'Inside Tn #Villupuramhorror 2 of them killed , on other side of Tn #adivasi #Madhu death ,If we zoom out of india #SyriaIsBleeding #SaveSyriasChildren .But Indian media is just focused on How did #Sridevi fall in bath tub. #SrideviDeathMystery #Presstitutes  #NewYearCantBworse'"
2018-02-26 19:12:20,b'Wat is going on in our society.....sridevi nahi kisi ki maa bhi mari hai...kuch to sharam karo media waslon#SrideviDeathMystery'
2018-02-26 19:12:13,b'#SrideviDeathMystery  I guess @PMOIndia and @SushmaSwaraj  mam must intervien to bring #Shridevi back to her home\n.Fans are waiting for her final view..'
2018-02-26 19:11:42,b'Boney Kapoor Questioned For 16-18 Hours By Dubai Police. \n\n#Sridevi #SrideviDeathMystery #srideviBkapoor #BoneyKapoor #sridevideath #Bollywood #Tollywood https://t.co/mCu37nKdOQ'
2018-02-26 19:11:30,"b'Only the diva, knows the truth behind her untimely death....from cardiac arrest to drowning...something is not right here!...#SrideviDeathMystery'"
2018-02-26 19:11:23,"b""We still don't know what was happened.\n#SrideviDeathMystery"""
2018-02-26 19:11:21,"b""The way Indian media projecting a reputed and legendary Actress's death seems as if News channels are desperate to call it a murder.\n\nThis is immensely cheap.\n\nI wonder what shall i do after getting my Bachelors of Journalism degree?\n\n#SrideviDeathMystery"""
2018-02-26 19:11:21,b'@AmitHPanchal @rohanduaTOI @timesofindia Well RohanDua has not done his research before sharing a fake report.Please see this: https://t.co/W47zIvUAIS #SrideviDeathMystery This is one you should be talking about! Welcome Amit\xe2\x98\xba'
2018-02-26 19:11:19,b'@TimesNow did u got answer for big question?\n#SrideviDeathMystery\n#Sridevi #sridevideath https://t.co/DyobGD1O7T'
2018-02-26 19:11:16,b'#Indian #investing officers need to do the #SrideviDeathMystery #postmortem #autopsy again to verify the #TwistOfFate in #Dubai claims. #highlighter #feelings #DunyaNews #ArnabGoswami #SwamyExposed2GScam #Sunanda #MurderMystery #Historyinthemaking2018 #republictv #crimefiction https://t.co/hpYmtv04Sc'
2018-02-26 19:11:16,"b""#SrideviDeathMystery# RIP madam# I'm wondering what's Arjuns role in it now ..? jeeez ... Why did Arjuna kapoor go Dubai..? https://t.co/oFWBuf7Fbt"""
2018-02-26 19:11:06,b'*A Celebrity dies*\n\n-Foreign Media - R.I.P\n-Indian Media  - T.R.P\n#SrideviDeathMystery'
2018-02-26 19:10:50,b'Is the true story out? Reason behind @SrideviBKapoor death? #FactsAreNotClearedYet #SrideviDeathMystery #SomeQuestionsAreYetToBeAnswered #NationWantsToKnow #RIPSridevi https://t.co/kT27RLfVUL'
2018-02-26 19:10:47,"b'#Sridevi who can make a super hit Comeback after 15 years, can Dazzle the Ramp all the time... Can she die so easily..? Would she not ask Help from the Husband who was Standing next to the door....? ?\n\n#SrideviDeathMystery  Continues... https://t.co/edzLcZxCMZ'"
2018-02-26 19:10:42,b'This guy @Shehzad_Ind is bang on buck. Nation is reeling under serious issues. And all we do is sit down and discuss the discourse of her death. What are these ignorant ladies trying to prove. #SrideviDeathMystery https://t.co/zIjjIvF915'
2018-02-26 19:10:36,"b'Dear Indian Media, \nLet me confirm that I didn\xe2\x80\x99t kill #Sridevi Ji as I was not in Dubai on the said dates. \nAtleast this should be one less thing for you to worry on your conspiracy theories #SrideviDeathMystery https://t.co/6N9Pt3ZQSw'"
2018-02-26 19:10:25,b'Now from where all these scientists drawing theories in media coming from. Where were they all these days #SrideviDeathMystery #Sridevi #medialiteracy'
2018-02-26 19:10:18,"b""Boney Kapoor was in under a lot of debts and #sridevi has more than 250 crore with her.. so it's possible that #BoneyKapoor\n Murdered her wife.. bcoz she didn't accept to gave him money or any other reason.. bt its clear cut murder!! #SrideviDeathMystery"""
2018-02-26 19:09:55,b'When @AnchorAnandN discovered Archimedes principle during the #SrideviDeathMystery Show.. \n\nEureka......... https://t.co/MMjzFYBSSl'
2018-02-26 19:09:52,"b'Media could have laid out their garbage conspiracy theories in a matured, sensitive &amp; dignified manner instead of creating a animated bathtub with her body lying in it or calling Assholes in the debate. \n#SriDevi must be so sad looking at her mockery \n#SrideviDeathMystery'"
2018-02-26 19:09:25,b'I think least media can do is to break open door of hotel bathroom to prove its possible by 50+ man #SrideviDeathMystery @IndiaToday'
2018-02-26 19:09:15,"b""Its very sad to hear the demise of legendry acctress in this way. But wait for few month you will find the movie on the late sri Devi's mysterious death. Funeral is not yet done, but i hope one of the film director is already started to work on movie on her. #SrideviDeathMystery"""
2018-02-26 19:09:10,b'#SrideviDeathMystery best analysis &amp; judgement is possible only in fatafat media court of India @republic or @TimesNow or @IndiaToday or @CNNnews18  .... 75% will be clear tonight Prime Time n Rest will be in next 2 two days .... Supreme Court of India might take 1-50 years https://t.co/OUficqRcPJ'
2018-02-26 19:08:38,b'Vote here...\n\n#SrideviDeathMystery \n#Sridevi https://t.co/ckYbMb010b'
2018-02-26 19:08:19,"b""Indian Media Won't Even Let A Dead Person Die Peacefully. \nSuch Is The Joblessness of Journalists and News Channels In Our Country. \n\nDon't You People Understand What Is The Family Going through? \n\n#SrideviDeathMystery #Sridevi #RIPSridevi #RIPSrideviji"""
2018-02-26 19:08:18,b'Tough time for the Kapoor siblings...\n\n#ArjunKapoor #JahnviKapoor #KhushiKapoor #AnshulaKapoor @arjunk26 #sridevideath #RIPSridevi #SrideviDeathMystery #sridevideath #srideviji #BoneyKapoor #AccidentalDrowning #PeepingMoon\n\nhttps://t.co/b0G1b5t5lp'
2018-02-26 19:08:16,b'@inclusivemind @Mayavi101 @Vidyaraj51 @INCIndia Not a single one u retard\n#WoMannKiBaat\n#SrideviDeathMystery\n#KyaUlluBanaya\nManoj Baitha\nShashi Tharoor\nAccidental Drowning'
2018-02-26 19:08:11,b'Every ducking one has turned into dectective or its the curious genes.. ugghh.. I hate this human race .. #SrideviDeathMystery'
2018-02-26 19:07:58,b'Do you find #IndianMedia a responsible media by seeing the way they are Speculating #SrideviDeathMystery ?\n\n#TOISA2018 #KyaUlluBanaya #ArrestHitAndRunBJPNeta #WoMannKiBaat #NewsKiMaut #HealthcareRevolution #ManojBaitha #Sunanda'
2018-02-26 19:07:48,"b'#SrideviDeathMystery First Heart Attack Then Accidental Drowning ,something big is coming.These contradictory statements regarding his death are increasing Suspicion.'"
2018-02-26 19:07:29,b'Imagine : You just spoke with your husband &amp; he is taking you to a dinner date &amp; is waiting outside for you to get ready &amp; come.\n\n Will you drink at this time and relax in the bathtub \nOR \nRush to get dressed and go?\n\nWhat Poorly written sctipt! \n\n#SrideviDeathMystery'
2018-02-26 19:07:05,b'@inclusivemind @Mayavi101 @Vidyaraj51 @INCIndia Teri congress to har field me fail ho gayi\n#WoMannKiBaat\n#SrideviDeathMystery\n#KyaUlluBanaya\nManoj Baitha\nShashi Tharoor\nAccidental Drowning'
2018-02-26 19:06:51,b'#SrideviDeathMystery\n\nSridevi was an actress but she was also a mother who suddenly passed away leaving behind a grieving family\n\nThis does not prevent Congress Social Media in charge and disgraced IPS officer to poke fun at #Sridevi just to attack PM of India\n\n#WoMannKiBaat https://t.co/2PBuVDaOkt'
2018-02-26 19:06:41,b'@PadmanSridevi #Indian #investing officers need to do the #SrideviDeathMystery #postmortem #autopsy again to verify the #TwistOfFate in #Dubai claims. #highlighter #feelings #DunyaNews #ArnabGoswami #SwamyExposed2GScam #Sunanda #MurderMystery #Historyinthemaking2018 #republictv #crimefiction https://t.co/fW9fwwuqUo'
2018-02-26 19:06:35,b'#SrideviDeathMystery Insensitive  media showing her dancing video instead of praising n showing her great achievements across 4 decades'
2018-02-26 19:06:33,"b'Well, market of Bathtubs gonna end soon. #RIP  #SrideviDeathMystery and #RIP #Bathtub'"
2018-02-26 19:06:29,b'@Vidyaraj51 @Mayavi101 @inclusivemind @INCIndia I aks you again why didnt Sonia do it ? Who stopped her ? &amp; why she succumbed to the pressure ? @divyaspandana - such useless people uve hired\n#WoMannKiBaat\n#SrideviDeathMystery\n#KyaUlluBanaya\nManoj Baitha\nShashi Tharoor\nAccidental Drowning'
2018-02-26 19:06:27,b'@chitraaum are u retard or ur channel is forcing u to do so....so much sensationalisation... bcz of this fact indian journalists were asked to leave nepal .. have some decency #SrideviDeathMystery'
2018-02-26 19:06:04,"b""You can see these people on every news channel for the last 48 hours:\n\n- Reporter outside Sridevi's house\n- Reporter in Dubai\n- Cardiologist in the studio\n- Actors/Directors/Spot boys giving condolence message\n- Detectives inspired by CID &amp; Crime Patrol\n\n#SrideviDeathMystery"""
2018-02-26 19:06:04,"b'She was drunk, that\xe2\x80\x99s probably why she drowned. Stop trying to make her husband look like a murderer. #SrideviDeathMystery'"
2018-02-26 19:06:00,b'#SrideviDeathMystery\n\nLIQUOR DRINKING IS INJURIOUS TO HEALTH \xf0\x9f\x8d\xbe\xf0\x9f\x8d\xbb'
2018-02-26 19:06:00,"b'Deaths from #Drowning in #Bathtubs Up 70% in 10 Years.\n\nOne shouldn\xe2\x80\x99t\xc2\xa0soak deeply in a\xc2\xa0bathtub for longer than 10 minutes, and shouldn\xe2\x80\x99t bathe while under the influence of #alcohol.\n#Sridevi \n#SrideviDeathMystery \n#Dubai'"
2018-02-26 19:05:47,b'Indian media be like \n#SrideviDeathMystery \n#NewsKiMaut https://t.co/IM8f1xWwXV'
2018-02-26 19:05:43,b'@inclusivemind @Mayavi101 @Vidyaraj51 @INCIndia jawaab to de fattu\n#WoMannKiBaat\n#SrideviDeathMystery\n#KyaUlluBanaya\nManoj Baitha\nShashi Tharoor\nAccidental Drowning'
2018-02-26 19:05:41,"b""#SrideviDeathMystery Hope it doesn't become another #sheenabora #Arushi case ! @republic @ndtv @TimesNow @BBCWorld @cnn @the_hindu @PMOIndia"""
2018-02-26 19:05:39,b'#SrideviDeathMystery #DivyaBhartiDeathMystery Be it #Dubai #America or #India The rich knows how to get away with crimes...no big deal'
2018-02-26 19:05:37,b'As India speculates #SrideviDeathMystery #Sridevi here are some answers @aajtak ...Finally looks like Sunanda can R.I.P https://t.co/K9lfxmvFvt'
2018-02-26 19:05:36,"b'How insensitive we people are. A death must never to be a point of gossip. Whatever the truth is,will be revealed by delegated officials. Let the soul rest in peace and specially the mourning family. #SrideviDeathMystery #stopthat'"
2018-02-26 19:05:35,"b'This is nasty, mainly the game that the Dubai hotel staffs are playing to gain cheap attention and publicity! Let her body be back to her homeland #SrideviDeathMystery'"
2018-02-26 19:05:30,"b""@inclusivemind @Vidyaraj51 @INCIndia @Mayavi101 Lolz https://t.co/fMUz2Xvyzh\nHere's the link kid. Keep ranting\n#WoMannKiBaat\n#SrideviDeathMystery\n#KyaUlluBanaya\nManoj Baitha\nShashi Tharoor\nAccidental Drowning"""
2018-02-26 19:05:25,"b""#SrideviDeathMystery Nobody care's if there's traits of alcohol or for that matter even drugs, fuck you TRP hungry media who can go to any extent to create news. Let the diva RIP and go fuck yourself you morally bankrupt media."""
2018-02-26 19:05:13,b'#SrideviDeathMystery no offense... https://t.co/TtvOjTSHQ4'
2018-02-26 19:05:00,b'Its a grt loss of our bollywood industry.  Still  cant believe  dat sriji is no more.she is always alive in our heart and always miss her.  May god give strenth  to his family. RIP #SrideviDeathMystery'
2018-02-26 19:04:57,"b""@sagarcasm Her body must've been wet n all in the bathtub so how did people came to the cardiac arrest conclusion? #SrideviDeathMystery"""
2018-02-26 19:04:54,b'The news channels are really using this time to gain alll the trp they possibly can #SrideviDeathMystery'
2018-02-26 19:04:46,b'Was it a natural death or is it a well planned murder?? BC everyone started speculation. For god sake let all d details come out till pls allow each family member aside. They hv lost der an important family member. #SrideviDeathMystery'
2018-02-26 19:04:39,"b'Ok, so @CNNnews18 news 18 is not even 0.2 per cent of @abpnewstv news but we have @sardesairajdeep giving us gyan on how channels should give news #abpnews #cnnnews #aap #bjp #SrideviDeathMystery https://t.co/FJAqL1vA4D'"
2018-02-26 19:04:39,b'Me after watching times now...\n\n#SrideviDeathMystery\nIndian media https://t.co/IkAuGmdcXC'
2018-02-26 19:04:31,b'#SrideviDeathMystery @DubaiPoliceHQ was she hit? Was it suicide? How can anyone break door of hotel bathroom? Demonstrate? Friend called? Flight ticket booking? CCTV records. Time lag? Too many questions. Seal room. Medicines?'
2018-02-26 19:04:14,"b'@Manish_humanity @inclusivemind @Vidyaraj51 @INCIndia Beta wo personal banking ka hai, main investment banking me hu. kisi achhe school me ja, madarsa chhod de\n#WoMannKiBaat\n#SrideviDeathMystery\n#KyaUlluBanaya\nManoj Baitha\nShashi Tharoor\nAccidental Drowning'"
2018-02-26 19:04:02,b'I\xe2\x80\x99m sure @aajtak has a photoshop team that makes those Good Morning gifs for family WhatsApp groups. #SrideviDeathMystery #Sridevi https://t.co/NZwW2yibr1'
2018-02-26 19:03:44,"b""#SrideviDeathMystery Boney Kapoor's surprise visit makes to think that the Sridevi's death is not accident! Another mysterious death after Tamil nadu  x- CM's  death!"""
2018-02-26 19:03:41,"b""Perennial scandal mongering qualifies as mild and decent, one wonders how bad the American media would be. With this #SrideviDeathMystery saga, the Indian media has virtually plunged to it's lowest depth. What next? Setting the benchmark for nadir in journalism? //"""
2018-02-26 19:03:37,"b""The media and people are debating &amp; investigating about the #SrideviDeathMystery. But, there are many innocent children's have been killed in the Syria. Nobody cares and talks. It's kinda shame, indeed."""
2018-02-26 19:03:35,b'Please let #Sridevi go in peace! Please! #SrideviDeathMystery'
2018-02-26 19:03:35,"b'Whole day Every media channels talks about Sridevi demises,long debate accendienty drowning&amp; gives homage to her family but atleast 5 minutes no media person talks about 27 year old youth demise who brutely killed by group of people      #SrideviDeathMystery'"
2018-02-26 19:03:27,"b'Trends for you \n#MWC2018\n43.9K Tweets\n#SrideviDeathMystery\n#TOISA2018\n1,304 Tweets\nFirst Look\n34.3K Tweets\n#HealthcareRevolution\n6,650 Tweets\n#Kaaliyan\n#KyaUlluBanaya\n8,393 Tweets\nKiller MTV Box Cricket League\n#SEOTalk\n#KKvsLQ\n21.2K Tweets\n@ManManaspreet  Follow and retweet!! https://t.co/ZoGFyFyxyT'"
2018-02-26 19:03:22,b'#SrideviDeathMystery\n\nAccidental Drowning\n\nIs She by any means connected with Judge Loya or Sohrabuddin?\n\nCross check Mobile Tower details of Amit Shah.  Was he in Dubai that night? https://t.co/72Xwe9jUg9'
2018-02-26 19:03:20,b'@SuziMann are you talking abt @abpnewstv .. the anchor was over excited as if she was narrating some crime story... #SrideviDeathMystery'
2018-02-26 19:03:19,"b""While #SrideviDeathMystery is trending, the Great Investigative Media in India is failing to unearth an even bigger mystery that Raima (@raimasen) and I are 100% Compatible for marriage even without Aadhaar, as per Name Numerology, in a Digital World where only 'numbers matter'. https://t.co/42LEwFxWci"""
2018-02-26 19:03:17,"b'Dubai government is just harassing the Kapoor family! The international media, especially the media reports from Dubai are playing ploy #SrideviDeathMystery'"
2018-02-26 19:03:16,b'@TimesNow @timesofindia Why the bathtub was filled with water if she was drunk and unconscious?? If she was conscious enough to bathe then there is no point in \xe2\x80\x9cAccidental Drowning\xe2\x80\x9d. It\xe2\x80\x99s MURDER.\xf0\x9f\x92\x94 #SrideviDeathMystery'
2018-02-26 19:03:15,"b""The last vestiges of little bit of journalistic ethics left in the Indian media has gone to the dogs with this #SrideviDeathMystery Didn't the junior orange man said Indian media is mild and soft somedays back? If this yellow journalism filled with hyperboles and /1"""
2018-02-26 19:03:15,"b'SHASHI THAROOR\'S NEST BOOK WILL BE ""schizophrenia""\n\n#SrideviDeathMystery\n#HealthcareRevolution\n#KyaUlluBanaya\n#TOISA2018\nManoj Baitha\n#WoMannKiBaat\n#ArrestHitAndRunBJPNeta\n#NewsKiMaut\nIndian Media\nShashi Tharoor'"
2018-02-26 19:02:53,"b'@yakku_kroorsing @Vidyaraj51 @Mayavi101 @INCIndia Bolne de, govt college ka hu, \n#WoMannKiBaat\n#SrideviDeathMystery\n#KyaUlluBanaya\nManoj Baitha\nShashi Tharoor\nAccidental Drowning'"
2018-02-26 19:02:51,b'How big the bath tub in the hotel? She is not tinny woman who can be drowned in water. How much she drunk  that she enable to get from the tub . #SrideviDeathMystery'
2018-02-26 19:02:38,b'@AlyGoni Logon ka kaam hai baatein bannana n to jus spread rumors\xf0\x9f\x99\x84no1 cares thngs thy r sayng r true or not jus bolte jao..news channls r debatng on diva\xe2\x80\x99s death\xf0\x9f\x99\x84no dignity n respect left\xf0\x9f\x99\x88it must b so disturbng fr family membrs to hear all ths n spclly daughtrs\xf0\x9f\x99\x88 #SrideviDeathMystery'
2018-02-26 19:02:35,b'Indian media following #Sridevi death news...\n#SrideviDeathMystery https://t.co/FSXXcs2UFw'
2018-02-26 19:02:27,b'Amazon Pay Partners Quiz Contest 27 February Tuesday\nhttps://t.co/etTVMlMDf1\n#AmazonPayPartners  #amazon #quiztime #todayquiz #AmazonPayBalance\n#HealthcareRevolution #TOISA2018 #SrideviDeathMystery #womaankibaat #amarsingh #amazon'
2018-02-26 19:02:11,"b""Shashi Tharoor #ShashiTharoor \nwhat's your take on #Sridevi's Death?\n\n#SrideviDeathMystery \n#sridevideath"""
2018-02-26 19:02:10,b'#SrideviDeathMystery\nAll the news channels are showing \nclips and songs in memory of \nsridevi \n\nJust wondering \xf0\x9f\xa4\x94\nwhat will they show if something happens to Sunny Leone'
2018-02-26 19:02:05,b'I don\xe2\x80\x99t think so these people will leave until it becomes a dusted standing case file next to j\xe2\x80\x99s death \xf0\x9f\xa4\x9e\xf0\x9f\x8f\xbbplease let their family do the final rituals soon # pay respect \xf0\x9f\xa4\x9e\xf0\x9f\x8f\xbb #SrideviDeathMystery'
2018-02-26 19:01:55,"b'News anchor hosting her show in a bathroom setup, a wine glass being photoshopped, this hashtag #SrideviDeathMystery\n\nWhat a matured day our News channels are having. \n\n#RIPSridevi - God bless the family.'"
2018-02-26 19:01:47,"b""I really can't believe what the media want us to believe how can someone drown in a bath tub \xf0\x9f\xa4\x94\xf0\x9f\xa4\x94\xf0\x9f\xa4\x94 with all her weight and height. The real truth must be that she either died before drowning or was drowned. Spit it out #SrideviDeathMystery https://t.co/d6ZtbpAyLk"""
2018-02-26 19:01:45,"b""Post mortem done by doctors of @DubaiPoliceHQ of #srideviji is highly suspicious who don't even know the spelling of 'DROWNING' !@navdeepsuri @SushmaSwaraj Pl take note for needful. @TheNationalUAE @khaleejtimes #SrideviDeathMystery https://t.co/buJHYeoFp5"""
2018-02-26 19:01:44,"b'#SrideviDeathMystery \nMany things are missing\n1) amount of alcohol in blood\n2) time of death\n3) who filled the bathtub with water\n4) if she was so drunk, how could she fall exactly inside the bathtub and not hit her head anywhere else\n5) if she fell, did water not splash??'"
2018-02-26 19:01:44,b'Should be \xe2\x80\x98murder mystery\xe2\x80\x99 not #SrideviDeathMystery'
2018-02-26 19:01:36,"b""#SrideviDeathMystery it's wise to conduct a post mortem in AIIMS to clarify the cause of death, which I believe Kapoor will not object ??"""
2018-02-26 19:01:35,b'\xe2\x92\x88 #SrideviDeathMystery\n\xe2\x92\x89 #TOISA2018\n\xe2\x92\x8a Manoj Baitha\n\xe2\x92\x8b #HealthcareRevolution\n\xe2\x92\x8c #WoMannKiBaat\n\xe2\x92\x8d #KKvsLQ\n\xe2\x92\x8e Shashi Tharoor\n\xe2\x92\x8f Shashi Kapoor\n\xe2\x92\x90 Indian Media\n\xe2\x92\x91 First Look\n\n2018/2/27 00:24 IST #trndnl https://t.co/LZ0lSnKin9'
2018-02-26 19:01:13,"b""#SrideviDeathMystery Bath tub isn't a place to drown.Finally a Nationalist like you gets sucumbed to be killed."""
2018-02-26 19:01:07,"b'Sridevi died twice, first in Dubai then on our News TV channels.\n#SrideviDeathMystery'"
2018-02-26 19:01:00,b'Finally.....\nLIQUOR DRINKING IS INJURIOUS TO HEALTH\n#SrideviDeathMystery'
2018-02-26 19:00:56,"b'@yakku_kroorsing @Vidyaraj51 @INCIndia Believe in everything he said. Big fan. I feel Bhagat Singh, Chandrashekhar Azaad and Subhash Chandra Bose shud b given more importance. Sadly we keep pandering to Nehru dynasty\n#WoMannKiBaat\n#SrideviDeathMystery\n#KyaUlluBanaya\nManoj Baitha\nShashi Tharoor\nAccidental Drowning'"
2018-02-26 19:00:53,"b""#Sridevi 's death is ______...\n\n#SrideviDeathMystery"""
2018-02-26 19:00:48,b'#SrideviDeathMystery\namar singh knows the detail of all the lady celebrities that even their husbands dnt know.\nIs he telling the truth ?'
2018-02-26 19:00:42,b'Sick! #SrideviDeathMystery https://t.co/VaL06KWZ6s'
2018-02-26 19:00:25,"b'Pic 1 - Expected ,\nPic 2 - Reality !\nThis Is The Real Face Of Indian Media \xf0\x9f\x98\xa5\n\n#SrideviDeathMystery https://t.co/b4l2h22gRk'"
2018-02-26 19:00:20,b'And our sick media raised #SrideviDeathMystery \xf0\x9f\xa4\x90\xf0\x9f\x99\x81 https://t.co/zNQLQTCmz0'
2018-02-26 19:00:14,b'Pls check Rigor Mortis &amp; check Phone Record #SrideviDeathMystery #TOISA2018 #TimeisNow #republictv #wion #aajtak #SrideviDeathMystery #sridevi'
2018-02-26 19:00:03,"b'#Dubaiprosecutionmagistrate\n@DXBMediaOffice @DubaiPoliceHQ firstly please correct spelling of ""drawing"" to drowning! #SrideviDeathMystery world is watching it\'s not a bollywood movie must investigate @ndtv @nytimes @BBCBreaking cctv, phone records, flight booking, door break,'"
2018-02-26 19:00:01,"b'Sridevi died twice, first in Dubai then on our News TV channels.\n\n#SrideviDeathMystery'"
2018-02-26 18:59:50,"b""Won't be surprised if there's a movie  based on her death coming soon #SrideviDeathMystery"""
2018-02-26 18:59:50,"b'#SrideviDeathMystery IfDBloating Time is about3days&amp;Ddate of death corresponds2it by a postmortem done in India,Dubai report is suspicious??'"
2018-02-26 18:59:45,b'Sri Devi passed away but it\xe2\x80\x99s the Indian journalism that\xe2\x80\x99s dead.\n\n#SrideviDeathMystery'
2018-02-26 18:59:43,b'When a celebrity dies :\nForeign media : R. I. P\nIndian Media  : T. R. P \xf0\x9f\x98\x92\xf0\x9f\x98\x92\n\n#Sridevi #SrideviDeathMystery Accidental Drowning\n#SyriaIsBleeding #Syria #syrianchildren #SylvesterStallone \n\n#Sridevi'
2018-02-26 18:59:39,"b""No of people having opinion on other current affairs VS No of people having opinion on Sridevi's death\n#SrideviDeathMystery https://t.co/T5TIbHXdM4"""
2018-02-26 18:59:29,b'RIP Sridevi\n#RIPSridevi\n#SrideviDeathMystery https://t.co/gopUF4GtfZ'
2018-02-26 18:59:28,b'WTF is Maut ka bathtub? How Insensitive our Indian Media has turned in to just for TRP ! #SrideviDeathMystery https://t.co/YdV2t8mvAB'
2018-02-26 18:59:28,b'Haven\xe2\x80\x99t watched the news at all since 10 hours.. #SrideviDeathMystery'
2018-02-26 18:59:20,"b""all of sudden #Indian #Media started playing Dancing and hugging video of Legendary #Sridevi with #bonnykapoor .question arises. Note: Indian media houses works for #Money they don't follow any journalism ethics, each sensible people knows this in #India. #SrideviDeathMystery https://t.co/PbvOziq9iO"""
2018-02-26 18:59:17,b'Like seriously\xf0\x9f\x98\x90\nall the news channels hv strtd debatng on Srideviji\xe2\x80\x99s death\xf0\x9f\x99\x88it must b so disturbing fr her daughtrs to hear all ths.\nY r new ppl so cruel like we knw truth shud cme out but ths is not a right way..hv sme dignity n reapect towards diva\n#SrideviDeathMystery'
2018-02-26 18:59:01,"b""@Vidyaraj51 @inclusivemind @INCIndia Congress should not preach about scams. We've seen enough\n#WoMannKiBaat\n#SrideviDeathMystery\n#KyaUlluBanaya\nManoj Baitha\nShashi Tharoor\nAccidental Drowning"""
2018-02-26 18:58:56,b'#SrideviDeathMystery \n\nI see pics of #Sridevi  and Bonny every day since She is my fab Actor..... Bt this time my eyes were on Bonny..... https://t.co/Q4s8ku8CLR'
2018-02-26 18:58:55,"b'Its damn enough. Media is flowing and going on and on and on. Nobody talks about #Soldiers  sacrificing their lifes on borders and in Kashmir for the nation, but death of  Sridevi is mistrious. #IndianArmy #SrideviDeathMystery'"
2018-02-26 18:58:49,b'@SandStone03 @DubaiPoliceHQ U r supposed to be seating next to Arnab panel . Anyway good analysis #SrideviDeathMystery'
2018-02-26 18:58:47,b'People in Chennai know the pain of water scarcity. They end up filling any vessel for future use. Did it rub off on Sri Devi that she filled her bathtub due to habit having been a part of Chennai once. Boney can use it as a defence.\n\n#SrideviDeathMystery'
2018-02-26 18:58:46,"b""Shashi Tharoor what's your take on #Sridevi's Death?#SrideviDeathMystery #sridevideath"""
2018-02-26 18:58:41,b'Why isn\xe2\x80\x99t Indian Media showing this luxury suite of @JumeirahET where #Sridevi was staying and breathed her last? #SrideviDeathMystery https://t.co/so44iejUHa'
2018-02-26 18:58:29,b'How Do You rate The #IndianMedia Coverage in #SrideviDeathMystery ?\n\n#Sridevi \n#sridevideath \n#RIPSridevi \n#sridevideath'
2018-02-26 18:58:26,b'TODAY W/O DOUBT WE ALL CAN SAY THAT INDIAN MEDIA BARRING DOORDARSHAN IS A BIG A**hole.. hail indian journalism #SrideviDeathMystery'
2018-02-26 18:58:16,"b'@inclusivemind @Vidyaraj51 @INCIndia @Mayavi101 Lolzzz. My cousin grand father was CM of MP, one grand mother was in her cabinet &amp; my cousin mama is an MLA in MP LA. All in Congress. Dont know who ure talking about. \n#WoMannKiBaat\n#SrideviDeathMystery\n#KyaUlluBanaya\nManoj Baitha\nShashi Tharoor\nAccidental Drowning'"
2018-02-26 18:57:58,b'hope is still there....\n\n#SrideviDeathMystery\n#HealthcareRevolution\n#KyaUlluBanaya\n#TOISA2018\nManoj Baitha\n#WoMannKiBaat\n#ArrestHitAndRunBJPNeta\n#NewsKiMaut\nShashi Kapoor\nIndian Media https://t.co/5R7OCyWHRV'
2018-02-26 18:57:53,"b'Since Boney Kapoor was going through financial problems, could it be that he couldn\xe2\x80\x99t finance anymore films for Sridevi after \xe2\x80\x98Mom\xe2\x80\x99 &amp; \xe2\x80\x98Tevar\xe2\x80\x99 failed commercially; this might have upset Sridevi which led to arguments and..\n\n#SrideviDeathMystery #Sridevi #srideviBkapoor #RIPSridevi https://t.co/2EgwBokb89'"
2018-02-26 18:57:41,b'Like seriously\xf0\x9f\x99\x84all the news channels hv strtd debatng on Srideviji\xe2\x80\x99s death\xf0\x9f\x99\x88it must b so disturbing fr her daughtrs to hear all ths.Y r new ppl so cruel like we knw truth shud cme out but ths is not a right way..hv sme dignity n reapect towards diva #SrideviDeathMystery'
2018-02-26 18:57:39,b'F***** #SrideviDeathMystery people are dying in #Syrianwar B***** Media cover that issues.  . #IndianMedia A*******'
2018-02-26 18:57:34,b'Anti-Male Indian Rape Molestation Laws- A Curse for Society: Indian Society Patriarchal Or Matriarchal https://t.co/qkXa8HzRkb #MustRead!! #BREAKING #SrideviDeathMystery #WoMannKiBaat #HealthcareRevolution #KyaUlluBanaya #ArrestHitAndRunBJPNeta'
2018-02-26 18:57:32,"b""Dear Media/Journalists (If honestly u are) Let #Sridevi Ma'am Rest in peace &amp; highlight the issues related to bank frauds in recent times , Death of farmers, u can also cover on #Madhu ..trust me u will get more TRPs.. Please leave her rest in peace #SrideviDeathMystery"""
2018-02-26 18:57:31,"b'#SrideviDeathMystery #sridevi #sridevideath if late still coming to light #dirtysecretsofbollywood.\nAlcohol, smoking, Sex, Nepotism what to say about the so called celebrities. Time to learn something from the legendary @AmitabhBachan #'"
2018-02-26 18:57:29,b'Its amazing how people go from calling sridevi an icon and saying how much she inspired them to blatantly passing speculations and judgements on how she died..\n#SrideviDeathMystery'
2018-02-26 18:57:23,"b""You can see these people on every news channel for the last 48 hours:\n\n- Reporter outside Sridevi's house\n- Reporter in Dubai\n- Cardiologist in the studio\n- Actors/Directors/Spot boys giving condolence message\n- Detectives inspired by CID &amp; Crime Patrol\n\n#SrideviDeathMystery"""
2018-02-26 18:57:09,b'How much % alcoholshe drink??\nIf she drunk and she was enabled to get up from@thw bath tub if bony kapoor ws there he dont know if she drunk too much he has to go with her upto washroom.\nshe usually drinks too much ??before dinner how much alcohol she drunk#SrideviDeathMystery'
2018-02-26 18:57:05,b'cant believe in this fake story when sridevi ji  is drank how can se fill the bath tub with water and while felling down toward the bath tub her head does not bang any other place how can be it can be possible cant understand this story#SrideviDeathMystery'
2018-02-26 18:57:04,"b'Damn these news channels!! This anchor is in the bathroom speculating and sensationalising #Sridevi death. U don\xe2\x80\x99t let people live in peace, at least let them die in peace.The initial news of cardiac arrest was ur own botched up reporting,speculate on that!! #SrideviDeathMystery https://t.co/TUM7uyi9Ao'"
2018-02-26 18:56:58,b'#SrideviDeathMystery\nDo you think Indian Medias senselessly using #Sridevi death issue by reporting insensitive assumptions and harming privacy of demised superstar for mere TRP Sake? #sridevideath #Shridevi #SrideviDeathTwist #MediaShow'
2018-02-26 18:56:54,"b'Drowned in a bath tub? Well, by this tragic logic house can blow away  due to storm in a tea cup..\n\n #SrideviDeathMystery'"
2018-02-26 18:56:47,"b""All the loop holes in sridevi's death story and Boney kapoor's changing statements about the incident one after another point out that it was a murder not an accidental death.\nWhy did he hide that he found the deadbody drowned in water in the bathtub?\n #SrideviDeathMystery"""
2018-02-26 18:56:42,b'Whaaaaaaat? #SrideviDeathMystery https://t.co/qX4Vhy95ak'
2018-02-26 18:56:40,"b'Indian Media,congratulations on hitting another low with your sickening sensationalism around #Sridevi\xe2\x80\x99s death and competing on being first to put forth any news that is surfacing.And yeah keep sending more cameras to cover all celebs, none should be missed.\n\n#SrideviDeathMystery'"
2018-02-26 18:56:39,"b""When the train stays on the tracks you don't ask why.-- Marty Rubin\n\n#SrideviDeathMystery \n #Sridevi Accidental Drowning"""
2018-02-26 18:56:33,"b""I totally condemn all those people, channels who's out there to malign \n#Sridevi after her death which their wishful thinking. Only one channel stayed away from it and that's @MirrorNow and anchor @fayedsouza. \n#SrideviDeathMystery @Simi_Garewal @sanjayuvacha\n#RIPSridevi https://t.co/SN4mTOh603"""
2018-02-26 18:56:25,b'#Superstar #Rajinikanth visited #AnilKapoor residence now #SrideviDeathMystery #Sridevi @RIAZtheboss https://t.co/lTv1WFNa4w'
2018-02-26 18:56:18,b'Shocked. Just can\xe2\x80\x99t believe it. Heartbroken beyond words can express. 1 of my favorites...1 of my inspirations while growing up... just can\xe2\x80\x99t believe it. RIP Sri Devi ji. Condolences to the whole family.#RIPSridevi #SrideviDeathMystery https://t.co/FdijpLPhzY'
2018-02-26 18:56:15,"b'@republic are you retard or the nation has lost all other points of debate...der are many issues- bank,farmers,employment , tribal death, soldiers death... but really indian media sucks.. #SrideviDeathMystery #Sridevifuneral #SrideviDeathTwist #Sridevi'"
2018-02-26 18:56:11,b'#SrideviDeathMystery....H-being mind never wants to draw the straight line!....May hv reason!'
2018-02-26 18:56:04,"b'Why do deaths of women celebrities become a mystery? We have seen Iconic Divya Bharti, Sunanda Pushkar and now Shridevi dying mysteriously. RIP. #SrideviDeathMystery'"
2018-02-26 18:56:00,"b""Moment when you can't believe she is no more and people are discussing about her body parts in reference to a possible murder case.\n\nMind numbing world.\n#SrideviDeathMystery #SentTooSoon"""
2018-02-26 18:55:53,"b'The death doesn\xe2\x80\x99t seems natural at all as:\n1)5\xe2\x80\x996 inch tall woman to drown in bathtub nt possible \n2)Had she consumed such high level alcohol, how did her husband allow her go to washroom in such condition\n3)If she fell then there shud had been some injury\n#SrideviDeathMystery'"
2018-02-26 18:55:48,"b'it is very much #Possible that #bonnykapoor forcefully pushed #Sridevi in water until her last breath then called police.there must had been some issue between them,for which he returned back to hotel after cancelling his Mumbai return #SrideviDeathMystery @DubaiPoliceHQ https://t.co/HI6wMOQp2e'"
2018-02-26 18:55:39,b'#SrideviDeathMystery ?\nLet her lie in peace.\nShe is not a politician.'
2018-02-26 18:55:33,b'@inclusivemind @Manish_humanity @Vidyaraj51 @INCIndia Ans the questions losers. Gutless cowards can keep ranting but cant debate \n#WoMannKiBaat\n#SrideviDeathMystery\n#KyaUlluBanaya\nManoj Baitha\nShashi Tharoor\nAccidental Drowning'
2018-02-26 18:55:29,b'#SrideviDeathMystery  .....tribute to her!!'
2018-02-26 18:55:29,b'#SrideviDeathMystery forensic export spells drowning wrong- how wierd is that!!?'
2018-02-26 18:55:21,"b""\xf0\x9f\x98\x82\xf0\x9f\x98\x82\xf0\x9f\x98\x82Look at this idiot\xf0\x9f\x91\x89 @meamabhishek 's Conspiracy theory on #Sridevi 's death.\n#SrideviDeathMystery https://t.co/uEUDkZ15hp"""
2018-02-26 18:55:19,b'#SrideviDeathMystery\nJust one word at this moment...\nWe r so sad.. \n..missing one of the Finest actors of Indian Cinema.\nRIP Sri.. https://t.co/vIMIZWZRG5'
2018-02-26 18:55:14,"b'Controversy Start on #SrideviDeathMystery Now People Acted like ""Daya isme Kuch GadBad hai!! please stop the Stupid Things And make her soul in Peace. #Shridevi'"
2018-02-26 18:55:04,b'#SrideviDeathMystery \n1.Incorrect Cause of Death\n2.Not accurate alcohol trace number found in the body \n3.48 hours alone in a room and nobody called her?\n4. A drunk person gets conscious after 2-5 drops splattered on the face and she was in a bath tub not the ocean'
2018-02-26 18:54:59,"b'By forensic report , the word drowning s fyn but how dr declared it as accidental.. this word ""accidental"" s suspicious  #SrideviDeathMystery'"
2018-02-26 18:54:47,b'RT if you will never watch any Indian news channel again. \n\n#SrideviDeathMystery'
2018-02-26 18:54:47,b'What You Think About This .......#KKvsLQ or the Cause Of #SrideviDeathMystery https://t.co/AxcL99C2F5'
2018-02-26 18:54:45,b'#SrideviDeathMystery\nWhoever given wine to Sridevi ji is the prime suspect of murder?\nWhat U think ?'
2018-02-26 18:54:36,b'Many questions on #SrideviDeathMystery I feel the pain of Janhvi and Khushi Kapoor the most.Most of all feels bad about both sisters.They lost mother and now the last visit is also delayed.and in this hour of grief the father is not even with them.https://t.co/58IZmsHnbz'
2018-02-26 18:54:32,"b""25th Feb, 2k18, was like holiday not because of it's Sunday , but something else for the news channels , and many more yet to come \n\n#PresstituteMedia\n#Media \n#SrideviDeathMystery"""
2018-02-26 18:54:27,"b'@Vidyaraj51 @yakku_kroorsing @Mayavi101 @INCIndia I asked u about ur CV, u dnt have guts to ans , I ask u about ur leaders, u dont have a clue, Kis neta ki beti hai ? kaha se job mila tujhe ?\n#WoMannKiBaat\n#SrideviDeathMystery\n#KyaUlluBanaya\nManoj Baitha\nShashi Tharoor\nAccidental Drowning'"
2018-02-26 18:54:22,"b'#SrideviDeathMystery - This hashtag is a reminder of #TheGreatIndianMediaCircus. Someone has passed on. Their family, friends and millions of fans are grieving. Have we completely lost all sensitivity?'"
2018-02-26 18:54:09,b'@sanjjanagalrani @SrideviBKapoor #SrideviDeathMystery logic : #Sridevi fell into the bathtub and drowned . You mean to say that water in the bathtub was stored for #Sridevi  so that she can fell in it and die \xf0\x9f\x91\x8f\xf0\x9f\x91\x8f\xf0\x9f\x98\xae\xf0\x9f\x98\xae .'
2018-02-26 18:54:08,"b'Is it only me who feels that Sunanda Pushkar case must be resolved at the earliest, else we may have more of hotel murder mysteries...\nSeems someone is mastering in the art.... OR media has become crime expert...\n#SrideviDeathMystery'"
2018-02-26 18:54:07,b'@SrBachchan ji &amp; @juniorbachchan please file a case against this person for alleging something which is self explanatory. Please RT all to spread this message. @ArvindKejriwal FYI too.\n\n#SrideviDeathMystery https://t.co/lBA65X3fTA'
2018-02-26 18:54:07,"b'TV9 is hysterical like any woman\'s natal home &amp; National media covering up like any ""sasuraal"" home will.. #SrideviDeathMystery'"
2018-02-26 18:54:05,"b""Is d Media going 2 Focus on othr IMP issues or still worried abt d 'Mystery Behind d Death'. \n\nLet HER Rest In PEACE. \n\nR v nt going 2 maintain PEACE, at least 4 d Loved ones who r going thr d Pain of Losing sm1.\n#SrideviDeathMystery #MondayMotivation \nhttps://t.co/KB0SglhdKR"""
2018-02-26 18:54:00,b'Now all these rumours spreading are just giving way to increase TRP for Indian Media. #SrideviDeathMystery'
2018-02-26 18:53:45,"b'@Manish_humanity @Vidyaraj51 @inclusivemind @INCIndia I cant pay to get followers, so I expose stupid congis &amp; want maximum people to see it\n#WoMannKiBaat\n#SrideviDeathMystery\n#KyaUlluBanaya\nManoj Baitha\nShashi Tharoor\nAccidental Drowning'"
2018-02-26 18:53:43,"b""#Sridevi's Chalbaaz co-star @superstarrajini reaches @AnilKapoor's house\n\n#SrideviDeathMystery #SrideviDeath \n\nhttps://t.co/ZD7Q1VNz6c"""
2018-02-26 18:53:41,"b""What's Your Say on #SrideviDeathMystery ?\n\n#Sridevi \n#RIPSridevi \n#sridevideath \n#Dubai \n#GulfNews"""
2018-02-26 18:53:40,"b""@TimesNow @republic If they haven't release the body yet then what was the hurry to release this poorly constructed so called 'death certificate' #SrideviDeathMystery"""
2018-02-26 18:53:30,"b'An estimated 88,0008\xc2\xa0people  62,000 men and 26,000 women aprox die from\xc2\xa0#alcohol related\xc2\xa0causes annually, making\xc2\xa0alcohol\xc2\xa0the third leading preventable cause of\xc2\xa0#death. #Sridevi #SrideviDeathMystery'"
2018-02-26 18:53:30,"b'The death doesn\xe2\x80\x99t seems natural at all as:\n1)5\xe2\x80\x996 inch tall woman to drown in bathtub not possible \n2)Personal having consumed high level alcohol, how did her husband allow her go to washroom in such condition\n3)If she fell then there shud had been some injury #SrideviDeathMystery'"
2018-02-26 18:53:24,b'#SrideviDeathMystery Dubai police should first give the death body to family members as it is a hard time for them and India #sridevilivesforever'
2018-02-26 18:53:19,"b""Since 24 hr. Ago...She was unable to hold her tears bcoz of #Sridevi 's untimely death.... #SrideviDeathMystery #BloodyHypocrites https://t.co/4FynCaykY2"""
2018-02-26 18:53:12,b'The way the Indian media is portraying #SrideviDeathMystery tell how disgusting they are! Bathroom and bathtub graphics? Like seriously? Sick people!'
2018-02-26 18:53:08,b'#SrideviDeathMystery D fact is she is longer aliv. No amt of Sherlocking vl bring hr bck.'
2018-02-26 18:52:50,"b""Sridevi's forensic report released, actress may have 'accidentally drowned' in bathtub https://t.co/GSFwKR46dr\n\n#RIPSridevi #SrideviDeathMystery"""
2018-02-26 18:52:50,b'Are they really gaining TRP? Then what we are really? #SrideviDeathMystery'
2018-02-26 18:52:33,"b'@inclusivemind @Vidyaraj51 @INCIndia @Mayavi101 &amp; bloody congri losers dont have guts to ans it ? Shows ure a true coward, keep ranting\n#WoMannKiBaat\n#SrideviDeathMystery\n#KyaUlluBanaya\nManoj Baitha\nShashi Tharoor\nAccidental Drowning'"
2018-02-26 18:52:25,"b""Media Please Don't give your Idea to Sri Devi Death mystery !You cannot come to conclusions with incomplete information ! My prayers ! God please give strength to family and kids specially ! I loved u mam if you listening to me\n:( #SrideviDeathMystery"""
2018-02-26 18:52:05,"b""From Sunanda Pushkar to Shridevi, Indian media has shown its true colors. It is the right time that we should all stop watching these propagandist news channels whose only propaganda is to deviate aam admi's attention from real issues. #SrideviDeathMystery"""
2018-02-26 18:52:01,"b'#SrideviDeathMystery \n#\xe0\xa4\xb9\xe0\xa4\xae\xe0\xa4\x95\xe0\xa5\x8b_\xe0\xa4\xad\xe0\xa5\x80_\xe0\xa4\xae\xe0\xa4\xb0\xe0\xa4\xa8\xe0\xa4\xbe_\xe0\xa4\xb9\xe0\xa5\x88\nAlcohol was caused the reason of death, inspite of that most of the celebrity ignore it and advertise various alcohol brand. As on date only sant Rampal ji maharaj vanish it\nKnow about more Must watch \n7.40pm https://t.co/qBeQdqobBP'"
2018-02-26 18:52:00,"b""If you've missed Arnab On the Debate #SrideviDeathMystery, you can now watch it on Republic World\nhttps://t.co/dfq5zEOg5I"""
2018-02-26 18:51:55,b'@iamrahulmauryaa @iamsowmya18 We cnt jus blame any1..was it pre-planned? Was it accidntl? No1 knws\xf0\x9f\x99\x88jus wait n watch wht new stories r gnna build\xf0\x9f\x99\x84new stories &amp; angles will rise n thr wud b no end on ths discussn n in few days ppl wont evn care knwng truth bcoz sme new buzz wud arise\xf0\x9f\x99\x84 #SrideviDeathMystery'
2018-02-26 18:51:50,"b'@Jaydeep_Bapat Divya Ji was murdered by her family member, but Huge Money &amp; High Profile Sources Closed The Truth #SrideviDeathMystery'"
2018-02-26 18:51:45,b'Accidental Drowning?\nA Cause of DEATH?\nIs it a disease?\nWhat causes this?\nAccident? #SrideviDeathMystery'
2018-02-26 18:51:40,b'@sumanthraman @IndiaToday Amitabh bachan @SrBachchan tweet was at 7.45 pm indian time alluding to the murder. #SrideviDeathMystery #sridevideath #Sridevi #RIPSridevi'
2018-02-26 18:51:29,"b""@yakku_kroorsing @Vidyaraj51 @INCIndia For sure. I love Bhagat Singh. Why didn't Congress supported Bhagat Singh when he was alive ?\n#WoMannKiBaat\n#SrideviDeathMystery\n#KyaUlluBanaya\nManoj Baitha\nShashi Tharoor\nAccidental Drowning"""
2018-02-26 18:51:29,b'Hope that the @DubaiPoliceHQ is not covering up anything on  #SrideviDeathMystery we are aware that criminals like Dawood Ibrahim is a criminal and lives in dubai.\n#Sunanda Pushkar a politician wife Shashi Tharoor of Congress was a mystery death too\nhttps://t.co/CxZYKVXJr0'
2018-02-26 18:51:23,b'#SrideviDeathMystery\nSomething is hidden'
2018-02-26 18:51:22,"b""Don't worry it's Dubai. Prosecution &amp; Police will get to the bottom of this baffling mystery #SrideviDeathMystery https://t.co/fSg97NW5o8"""
2018-02-26 18:51:17,b'#Superstar #Rajinikanth visited #AnilKapoor residence now #SrideviDeathMystery #Sridevi @RIAZtheboss https://t.co/fDFMbungyG'
2018-02-26 18:51:13,b'#TOISA2018 #SrideviDeathMystery is not clearly disclosed but the question is where #Sridevi ji will go?\nAccording to the knowledge of #Kabir Saheb and described by #SantRampalJi a soul who will consume Alcohol will go to the hell if not went to Sadguru\n\xe0\xa4\x95\xe0\xa5\x8d\xe0\xa4\xaf\xe0\xa5\x8b\xe0\xa4\x82\xe0\xa4\x95\xe0\xa4\xbf #\xe0\xa4\xb9\xe0\xa4\xae\xe0\xa4\x95\xe0\xa5\x8b_\xe0\xa4\xad\xe0\xa5\x80_\xe0\xa4\xae\xe0\xa4\xb0\xe0\xa4\xa8\xe0\xa4\xbe_\xe0\xa4\xb9\xe0\xa5\x88 \xe0\xa5\xa4 https://t.co/8TfxhVMhou'
2018-02-26 18:51:08,b'@_AdilHussain Huge #respect to you for not choosing to answer about #SrideviDeathMystery when questioned on Live Stream on #NDTV. Hope everyone has the same sense of responsibility and respect. #Sridevi #NDTVLiveStream @ndtv #NatashaJog #AdilHussain'
2018-02-26 18:50:36,"b'Now the circus starts. Every news channel, celebrity will have their own forensic report and explanation to get in limelight. Saala sab detective banne me lag gaye hai. #SrideviDeathMystery'"
2018-02-26 18:50:35,b'#SrideviDeathMystery What is accidental drowning &amp; that too with a spelling mistake. Sensing this to be another #Sunanda murder case'
2018-02-26 18:50:32,b'This is very sad to know that most of the media houses are doing cheap publicity these days just to gain trp.\n#SrideviDeathMystery\n@ndtv @MirrorNow @TimesNow @gulf_news @tanvishukla @abpnewstv @khaleejtimes @AlJazeera_World @Nidhi @sanjana @khaleejtimes https://t.co/Fud57SGU8Q'
2018-02-26 18:50:28,b'What Do You Think About...#SrideviDeathMystery ?\n#Sridevi #SrideviDeathTwist #Sridevideath #sridevinomore #RIPSridevi #RIPShrideviji \n@mohitgroverAT @cricidiot @mayankpatel35 @sunnysharn @abhijaiswal23'
2018-02-26 18:50:22,"b""It cannot be a natural death....Bonny Kapoor's statement dsnt match with what the hotel pple said.....police should investigate #SrideviDeathMystery"""
2018-02-26 18:50:15,"b""#SrideviDeathMystery Sometimes, I feel the journos r probably in the wrong profession. They must have been in CBI instead! Disgusting is the word. What's the meaning of simply writing RIP if we don't abide by those words in reality. #Shameful"""
2018-02-26 18:50:03,b'@Manish_humanity @inclusivemind @Vidyaraj51 @INCIndia Better than how chiddu managed it\n#WoMannKiBaat\n#SrideviDeathMystery\n#KyaUlluBanaya\nManoj Baitha\nShashi Tharoor\nAccidental Drowning'
2018-02-26 18:49:52,b'Case should be investigated on the upper level#SrideviDeathMystery'
2018-02-26 18:49:46,b'@Vidyaraj51 @inclusivemind @INCIndia Lolzzz so u agree sonia didnt had guts ? Poor congi social media team cant ans simple ques. Such losers\n#WoMannKiBaat\n#SrideviDeathMystery\n#KyaUlluBanaya\nManoj Baitha\nShashi Tharoor\nAccidental Drowning'
2018-02-26 18:49:31,b'It was only discovered after autopsy that #sridevi was drowned in the bathtub not fell &amp; fainted suffering cardiac arrest.The accidental drowning was not mentioned by the husband who found her drowned/fainted but was discovered after repeated investigations. #SrideviDeathMystery'
2018-02-26 18:49:31,"b""Is there seriously any kind of mystery behind @SrideviBKapoor's death? \xf0\x9f\x99\x81\xf0\x9f\xa4\x94\xf0\x9f\x99\x84 \n#SrideviDeathMystery #Sridevi #RipSriDeviJi \xf0\x9f\x98\x9f\xf0\x9f\x98\xb0\xf0\x9f\x99\x8f @SrideviBKapoor \xf0\x9f\x99\x8f\xf0\x9f\x99\x8f"""
2018-02-26 18:49:24,b'#SrideviDeathMystery two theories one @BoneyKapoor break opened the bathroom door second hotel staff break opened the bathroom door who actually break opened the bathroom door ? #Dubaipolice'
2018-02-26 18:49:22,b'#SrideviDeathMystery it would difficult2digestDfact that Sridevi would have committed suicide atDtime of her daughters debut in films!?'
2018-02-26 18:49:10,b'I listen first time die beacause of drowning #SrideviDeathMystery'
2018-02-26 18:49:01,"b""Latest twist on #SrideviDeathMystery: Who killed Sridevi? Massive cardiac arrest or accidental drowning? Would it be # 'No one killed Sridevi' like # 'no one killed arushi' OR '# no one committed fraud in 2G Case' OR # 'Nirav Modi/Mallya did not loot India' Or the like ones...."""
2018-02-26 18:48:54,"b'@TV9Telugu  performing multiple (29)  plastic surgeries on #Sridevi  before \'drowning\' came to light and they called it ""Cosmetic Arrest""  #SrideviDeathMystery #RIPSridevi https://t.co/PntZ9XOMTb'"
2018-02-26 18:48:49,"b'What has the Indian media come down to. It is such a shame to be living in this era. I so wish I had never come out of the 90s, I would also have had #Sridevi alive and no shitty media tactics for TRP #SrideviDeathMystery'"
2018-02-26 18:48:47,b'and to avoid any questioning #bonnykapoor has paid media to display some of his intimate pictures with #Sridevi so that idiot #Media of #India never think about the coldblooded planned murder he committed. #SrideviDeathMystery might never get close same as #SunandaPushkar'
2018-02-26 18:48:30,b'There wouldn\xe2\x80\x99tbe a #SrideviDeathMystery if the family had honestly mentioned drowning in the beginning instead of the heart attack story. Sanjay Kapoor also added his two bits by saying she had no history of heart disease. Its the flip-flop that fuelled the conspiracy theories.'
2018-02-26 18:48:30,"b""@yakku_kroorsing @Mayavi101 @Vidyaraj51 @INCIndia R u referring to Indira's death in 84 ? \n#WoMannKiBaat\n#SrideviDeathMystery\n#KyaUlluBanaya\nManoj Baitha\nShashi Tharoor\nAccidental Drowning"""
2018-02-26 18:48:29,b'#SrideviDeathMystery \nPlanned murder or coincidence'
2018-02-26 18:48:11,"b""indian media houses have irresponsibly reported Indian celebrity, shridevi's tragic death??\nJust for TRP sake\n#RT\n  #SrideviDeathMystery"""
2018-02-26 18:48:07,"b'#SrideviDeathMystery\nOkay I fed up with your logics. How can you make debate on a single topic from last 5_6 hour ? She is no more in this world, should respect her work.\nSwitched off my TV, let them bark. Never saw such crap over TV.'"
2018-02-26 18:47:58,b'#SrideviDeathMystery It is another Sunanda Pushkar case. All we can do is mourn and keep mum with frustration.'
2018-02-26 18:47:57,b'@Manish_humanity @inclusivemind @Vidyaraj51 @INCIndia Awww Mani uncle se bol ke pappu ko khilwa de\n#WoMannKiBaat\n#SrideviDeathMystery\n#KyaUlluBanaya\nManoj Baitha\nShashi Tharoor\nAccidental Drowning'
2018-02-26 18:47:52,"b'#SrideviDeathMystery\nMany things are missing\n1) amount of alcohol in blood\n2) time of death\n3) who filled the bathtub with water\n4) if she was so drunk, how could she fall exactly inside the bathtub and not hit her head anywhere else\n5) if she fell, did water not splash?\n#Sridevi'"
2018-02-26 18:47:49,b'. #TRP is huge today  ......\nAll the channels are happy. .. \n#SrideviDeathMystery \nadd little Sunanda pushkar \nAree   what a stunning combination !! \n\nIf you have little  kindness in your heart .....\nplease pray for her family. ...\n#RIPSridevi https://t.co/BZbCRoi4Lo'
2018-02-26 18:47:48,b'And if you think that there is a murder misery which needs to get solved a s public should know it than do it in a right way.! Not by creating drama and exaggeration.. Journalism attics are much needed!! #Sridevi #SrideviDeathMystery #sridevideath #RIPSridevi #NewsKiMaut #Sadma'
2018-02-26 18:47:46,b'Who would have thought Kashmiri Sunanda Pushkar will start trending again because of a Tamil actress. North-south divide bridged by #SrideviDeathMystery'
2018-02-26 18:47:37,"b""When Media's Prime Time Debate Turns Into #SrideviDeathMystery It'll Become Bogus, how media stoop so Low, They are shame less,, Gaining TRP our Death But When same Media Divides Nation In the Name Of #LoveJihad and #SaffronTerror then it Is Reality. Bloody Hypocrates."""
2018-02-26 18:47:16,"b'Earlier in Arushi-Hemraj murder case , Nithari killings , Jian Khan death and now in #SrideviDeathMystery media ne speculation se #KyaUlluBanaya'"
2018-02-26 18:47:08,"b""@inclusivemind @Vidyaraj51 @INCIndia Why didn't Sonia, Rajiv or Indira pass it ? Indira &amp; rajiv had majority. Sonia shud clarify which party stopped her ? &amp; y did she succumb to the pressure ?\nU'll not ans this I'm sure\n#WoMannKiBaat\n#SrideviDeathMystery\n#KyaUlluBanaya\nManoj Baitha\nShashi Tharoor\nAccidental Drowning"""
2018-02-26 18:46:59,b'Indian TV anchors/journalists will solve #SrideviDeathMystery before Dubai police.'
2018-02-26 18:46:58,b'#SrideviDeathMystery\nWhat is your conclusion ?'
2018-02-26 18:46:49,b'#SrideviDeathMystery\nIs it really a Mysterious death or it has been made a Mystery?'
2018-02-26 18:46:42,"b'After few days, this story will take the back bench...... Out of sight, out of mind! \nHappens always! \nDrawning ...... Spelt wrong?!?!?!?! \n#SrideviDeathMystery \n#sridevideath \n#sridevinomore \n#srideviBkapoor'"
2018-02-26 18:46:33,b'It is completely pland murder truth coms out #SrideviDeathMystery'
2018-02-26 18:46:33,"b""@pbhushan1 Sir, why are you accepting the theory of 'Accidental Drowning' ??\nHow can a doctor say that 'Drowning' was 'Accidental' ??\nAs a lawyer, don't you see a conspiracy behind Sridevi 's death ?\nIf 'Drowning'was not 'Accidental' ,\nThen it could be murder ?\n#SrideviDeathMystery"""
2018-02-26 18:46:32,b'That escalated quickly from #RIPSridevi to #SrideviDeathMystery! Stupid people.'
2018-02-26 18:46:26,"b""Don't Strive To Make Your Presence Noticed, Just Make Your Absence Felt.\n\n#MondayMotivation\n\n#SrideviDeathMystery #TOISA2018 #HealthcareRevolution #KKvsLQ #WoMannKiBaat #KKvsLQ #qanda #4corners #estimates #TradeCentre #JanusvAFSCME #WeRise #SouthernSiriSays #GenocideSyrianArmy"""
2018-02-26 18:46:21,"b""Tomorrow will be the third day since #Sridevi's untimely death.\n\n#sridevideath #RIPSridevi #SrideviDeathMystery #sridevideath #srideviji #BoneyKapoor #AccidentalDrowning #PeepingMoon\n\nhttps://t.co/rUpCQODgpI"""
2018-02-26 18:46:20,b'Shah Rukh Khan along with Gauri Khan arrive at Anil Kapoor\xe2\x80\x99s residence to pay their condolences\n\n#Sridevi #RIPSridevi #SrideviDeathMystery https://t.co/aszyMv7CIL'
2018-02-26 18:46:13,b'Much before #SrideviDeathMystery was a thing on TV/ Twitter I told people about it.'
2018-02-26 18:46:11,b'Everybody here seems to be of the opinion that the media have gone overboard in the coverage of  #SrideviDeathMystery let\xe2\x80\x99s face it people love sensationalism and gossip ... media is just showcasing what majority of the  people love here ...'
2018-02-26 18:46:07,b'who dunnit? #SrideviDeathMystery'
2018-02-26 18:46:03,"b'Indian Media is joke..  Same as Bollywood they are too much.. creating dramas on every issue, #SrideviDeathMystery is their new crap .'"
2018-02-26 18:45:52,b'real reason for #Sridevi death was not HeartAttach. It was due to drowning. No one was there apart from #bonnykapoor .it was a cold blooded murder https://t.co/WSOgc1Znrk #SrideviDeathMystery'
2018-02-26 18:45:52,b'RIP Media\nNow Indian news channel needs an obituary#SrideviDeathMystery'
2018-02-26 18:45:34,b'Who floated cardiac arrest theory ? in d #SrideviDeathMystery &amp; in the #JudgeLoyaMurderMystery ? https://t.co/Nd3Hj3tIdn'
2018-02-26 18:45:32,"b""#SrideviDeathMystery\n#\xe0\xa4\xb9\xe0\xa4\xae\xe0\xa4\x95\xe0\xa5\x8b_\xe0\xa4\xad\xe0\xa5\x80_\xe0\xa4\xae\xe0\xa4\xb0\xe0\xa4\xa8\xe0\xa4\xbe_\xe0\xa4\xb9\xe0\xa5\x88 \nEveryone knows very well that alcohol/smoking is dangerous for health but people who supposes to them as very civilized and educated, they do so as. Reason is behind that, they haven't met Real Satguru.\nPls.listen words of real sant https://t.co/KzL482bQLc"""
2018-02-26 18:45:31,b'@sreemurthy59 Imagine the state of the family..they are waiting for the body to perform the last rites..but now there will be more delay..!!! This is too much!!! #Sridevi does not deserve This! #SrideviDeathMystery'
2018-02-26 18:45:24,b'First news channel presenters were judge in passing any judgement and noe they are forensic experts in grabbing TRP they forget the privacy of a dead legend #Sridevi #SrideviDeathMystery #DontPassTheJudgement'
2018-02-26 18:45:16,b'RFT1075\xe2\x80\xa2 #Rajinikanth visited #AnilKapoor residence now #SrideviDeathMystery #Sridevi https://t.co/tGuUgeF3Pl'
