2018-02-26 19:05:19,"b'Sridevi died of accidental drowning, says\xc2\xa0report https://t.co/aeuVcywTQE https://t.co/wBmlcJmCLv'"
2018-02-26 19:05:13,"b""When stars weren't like you and me, there was Sridevi | Newslaundry https://t.co/3eSPGkfYmj via @newslaundry"""
2018-02-26 19:05:10,b'Bollywood star Sridevi dead at 54 https://t.co/SfJJZ2SSyM https://t.co/ZYWaxZ0S2Y'
2018-02-26 19:05:09,"b'This felt like a well thought out article... Hence, sharing.\nThis shocking news is sadder than what it seems... https://t.co/NVc3ZEzZ2q'"
2018-02-26 19:05:09,"b""Indian Media is seeing mystery in Sridevi's death.\n\nSame Media didn't find anything suspicious in Justice Loya's death.\nInteresting."""
2018-02-26 19:05:06,"b""Hey news channels, please have some dignity. Sridevi was a star but she was also a mother, a wife, a friend. Her untimely death was hard as it is, don't make a cheap sitcom of it.\n#NewsKiMaut"""
2018-02-26 19:05:03,b'Top 9 Songs of Sridevi that Celebrate 50 years of her Stardom https://t.co/ATyzRx3DoS'
2018-02-26 19:04:55,"b'Sridevi Photos, News, Relationships and Bio\n https://t.co/CwlR4yBuT6'"
2018-02-26 19:04:30,"b'@akashbanerjee Too good Banerjee . Actually much before Sridevi\xe2\x80\x99s tragic n untimely demise, Indian media drowned n met Demise in TRP bathtub'"
2018-02-26 19:04:27,"b'When a Indian actresses #Sridevi had died all Indians are showing humanity , all actors and politicians are visiting her residence , but when our #soldier dies on #border for us , where does the same humanity goes ??\n#Question_asked ?'"
2018-02-26 19:04:26,"b""King Khan @iamsrk spotted at Anil Kapoor's residence along with @gaurikhan to pay their condolences.\n#Sridevi https://t.co/oAMxU5pwVa"""
2018-02-26 19:04:22,"b""Sridevi's death: Dubai Public Prosecution begins probe\nhttps://t.co/Gce3l2Cwe6 https://t.co/tdPSN4RORA"""
2018-02-26 19:04:19,b'Soulful Speech Regarding Sridevi Death By Producer\xc2\xa0Dhananjayan https://t.co/BQr9eQTIZn https://t.co/0DPoWfstIE'
2018-02-26 19:04:11,"b'Sridevi Kapoor, Bollywood superstar, dies aged 54 https://t.co/WRHzCdQKao'"
2018-02-26 19:04:09,b'#Sridevi....RIP @aajtak and @CNN .. cnn USA never every present  presumptuous and self investigation result.. cnnnews18 should be ashamed to us such big intchannel and filling filthy news @cnnbrk .. seriously Sridevi pic in bathtub \xf0\x9f\xa4\xae\xf0\x9f\xa4\xae'
2018-02-26 19:04:02,b'I\xe2\x80\x99m sure @aajtak has a photoshop team that makes those Good Morning gifs for family WhatsApp groups. #SrideviDeathMystery #Sridevi https://t.co/NZwW2yibr1'
2018-02-26 19:04:01,"b""#ShahRukhKhan @iamsrk arrives at Anil Kapoor's residence with @gaurikhan to pay their condolences.\n#Sridevi https://t.co/7V2JuQbkcU"""
2018-02-26 19:03:50,b'Why did you kill Sridevi and leave me here? Ram Gopal Varma\xe2\x80\x99s furious letter to God https://t.co/FdcJ0prOCZ'
2018-02-26 19:03:46,"b""Shook at the kind of comments I am reading on Sridevi Ji's post!\nCommenting daru pee ke tun is the mentality level of us Indians! Spare her family! They are going through a tough phase! Respect the legendary! Sridevi Ji was a true gem nd will always be!\xf0\x9f\x98\x94 #Sridevi Gone too soon"""
2018-02-26 19:03:44,"b""#SrideviDeathMystery Boney Kapoor's surprise visit makes to think that the Sridevi's death is not accident! Another mysterious death after Tamil nadu  x- CM's  death!"""
2018-02-26 19:03:43,"b'Hello guys! I know the reason of Sre Devi\'s ji death :( When I was passing through my street so, uncles were talking ""arrey uska pati(husband) manglik tha to ye to hona he tha! honi ko kon tal sakta hai"" #SriDevi @abpnewstv'"
2018-02-26 19:03:35,b'Please let #Sridevi go in peace! Please! #SrideviDeathMystery'
2018-02-26 19:03:35,"b'Whole day Every media channels talks about Sridevi demises,long debate accendienty drowning&amp; gives homage to her family but atleast 5 minutes no media person talks about 27 year old youth demise who brutely killed by group of people      #SrideviDeathMystery'"
2018-02-26 19:03:32,"b""Today was a good day to go #media dark. No TV, no radio, no social media until now. Monday's are tough enough, drag oneself to work &amp; try to power through the day. Don't need the media to play tribute after tribute &amp; nurture that depressing feeling brewing inside #Sridevi"""
2018-02-26 19:03:23,b'MOM is beautifully eternal ... https://t.co/WiYuu97Msq\n#Sridevi'
2018-02-26 19:03:21,"b'Sridevi Accidentally Drowned In Dubai Bathtub, Says Report - NDTV https://t.co/ShDb8XbSCm'"
2018-02-26 19:03:19,b'Veteran Bollywood actress Sridevi passed away|Remembering Sridevi:50 years of living\xe2\x80\xa6 https://t.co/Xf5JKdiu0e'
2018-02-26 19:03:10,"b'Dear Indian news channels, show a little  tact. Parasites. \n\n#Sridevi'"
2018-02-26 19:03:07,b'Sridevi\xe2\x80\x99s Forensic report : Details inside | TK\xc2\xa0907 https://t.co/EN9VT09OpY https://t.co/kMBUNAjIiR'
2018-02-26 19:03:06,b'#Breaking | Top Sources in Dubai tell Republic that Prosecutor\xe2\x80\x99s report on #Sridevi death not given yet. This may mean a further delay in bringing mortal remains back to India'
2018-02-26 19:03:03,b'WE WILL MISS YOU \xf0\x9f\x98\xa2 | RIP SRIDEVI | LEGEND | DIVA: https://t.co/k1cXl8fyyl via @YouTube'
2018-02-26 19:03:02,b'As India speculates #sridevideathmystery #SrideviDeathMystery #Sridevi here is the answer &amp; with this finally looks like #RipSunandq https://t.co/8TU9w4mYaB'
2018-02-26 19:03:02,b'Bollywood\xe2\x80\x99s Sridevi drowned in bathtub after losing consciousness: Dubai police - CreaWorldNews - https://t.co/jZoOh2XxqT https://t.co/zzkqi8ZqMZ'
2018-02-26 19:03:00,b'@iambohemia U always remain our #heart sridevi ji'
2018-02-26 19:02:59,"b""#KamalHaasan arrives at #AnilKapoor's house in #Mumbai \n#Sridevi #RIPSridevi https://t.co/ISlQAZ9o6I"""
2018-02-26 19:02:55,"b""Few words for late #Sridevii Ji\nhttps://t.co/X0Qglra4Kr\n@chintskap @SrBachchan @sherryrehman @SaadSSheikh @iamhumayunsaeed '@aamir_khan @imsrk__"""
2018-02-26 19:02:53,b'...the rate at which the wiki page of #Sridevi is being edited for the past two days is astonishing! https://t.co/rdC5AFCl4q'
2018-02-26 19:02:50,b'World Celebrity Gist and Gossip | Sridevi\xe2\x80\x99s Cause of Death Was \xe2\x80\x98Accidental Drowning\xe2\x80\x99 https://t.co/pVNMbBM4Fn'
2018-02-26 19:02:45,"b'Sridevi took a lot of hydroxyl drugs trying to keep her weight downThese drugs kill your hunger,heighten your metabolic rate &amp; makes heart beat faster Luckily for her she died of a heart attackMost people get a sever stroke &amp;survive &amp; live like a vegetable May she RIP\xf0\x9f\x99\x8f  @aajtak'"
2018-02-26 19:02:40,b'Does media has a moral obligation to prematurely discuss  &amp; debate on the death of Sridevi https://t.co/PXGHmYSnJa via @polleverywhere'
2018-02-26 19:02:36,"b""Everybody is talking about #Sridevi \nAnd children's are being killed \nIn syria \n #SaveSyrianChildren"""
2018-02-26 19:02:35,b'Indian media following #Sridevi death news...\n#SrideviDeathMystery https://t.co/FSXXcs2UFw'
2018-02-26 19:02:34,"b""@Amul_Coop Not RIP.  Sridevi was a Hindu. And so are most Indians, and I assume so is Amul's marketing team. Learn to give respect to the departed soul in your own manner, why are you getting Christianized? \nOm Shanti."""
2018-02-26 19:02:32,"b""Sridevi's case transferred to Dubai Public Prosecution - Times of India \xe2\x96\xba https://t.co/dfElSQxVqJ"""
2018-02-26 19:02:28,b'https://t.co/HYtvraPPlh. Heartfelt tribute to the very loving sridevi @OjasRajani @letspurplle @MattooAarti  @ZankyouIndia #Sridevi #srideviBkapoor #BollywoodActress #Bollywood https://t.co/R2Q3vSUwFD'
2018-02-26 19:02:20,"b'@taslimanasreen True ,  when people believe that Divya Bharti died while practicing high jump.\nSridevi died in bath tub while swimming.\nNobody killed Gauri Lankesh, was natural death.\nCar was driving automatically hit and run, salman is innocent.'"
2018-02-26 19:02:16,b'I think #KaalaTeaser may get postponed due to the demise of #thalaivars close friend #Sridevi'
2018-02-26 19:02:14,"b""A little 'deviation' from the purely feminist discourse...#Sridevi was one actor who gave a new interpretation to the word 'sex appeal', much before the 'Rangeela's and 'Choli Ke Peechey's hit the box office."""
2018-02-26 19:02:11,"b""Shashi Tharoor #ShashiTharoor \nwhat's your take on #Sridevi's Death?\n\n#SrideviDeathMystery \n#sridevideath"""
2018-02-26 19:02:10,b'#SrideviDeathMystery\nAll the news channels are showing \nclips and songs in memory of \nsridevi \n\nJust wondering \xf0\x9f\xa4\x94\nwhat will they show if something happens to Sunny Leone'
2018-02-26 19:02:09,"b""Who found Sridevi, Boney Kapoor or hotel staff? Contradictory reports on actress's last hours https://t.co/Yjwfanmban"""
2018-02-26 19:02:07,b'Missing for sridevi'
2018-02-26 19:02:07,"b""Bollywood star Sridevi Kapoor 'accidentally drowned in hotel bath'\xc2\xa0 https://t.co/84ov1uakzg via @TelegraphNews https://t.co/6Hlw6mbEPV"""
2018-02-26 19:02:05,b'That was summarised so well... #Sridevi https://t.co/7LSJ4BFz6X'
2018-02-26 19:01:58,b'Just a thought #Sridevi https://t.co/7PwnFMenCy'
2018-02-26 19:01:53,b'Bollywood SAD reaction on sridevi passing away at young age: https://t.co/dpvMOvbHGo via @YouTube'
2018-02-26 19:01:49,"b'@runjhunmehrotra Look at the fate, sridevi died due to accidental drowning in doobai.'"
2018-02-26 19:01:47,b'I added a video to a @YouTube playlist https://t.co/dpvMOvbHGo Bollywood SAD reaction on sridevi passing away at young age'
2018-02-26 19:01:47,b'RIP #Journalism! Whoever came up with this should hang his or her head in shame. I\xe2\x80\x99m sure your parents will be proud of you today! #Sridevi #shame https://t.co/DN5C6y0KYc'
2018-02-26 19:01:46,b'In memory: Here are some pictures that prove Sridevi was the ultimate fashion icon of all time https://t.co/Of6F1zQAYs'
2018-02-26 19:01:45,"b""India mourns death of Sridevi, Bollywood's first female superstar https://t.co/jpwuJk19Js"""
2018-02-26 19:01:40,"b""@vispikaikobad @madhukishwar @BDUTT @Nidhi Voyeurs...?? Is that how you'd describe the viewers of that particular channel/show? Neither accurate nor fair IMO. #NewsKiMaut #Sridevi"""
2018-02-26 19:01:40,b'BBC News - Sridevi: Bollywood superstar dies at 54 of heart attack https://t.co/yXEjTeHFrP'
2018-02-26 19:01:30,"b""Who found Sridevi, Boney Kapoor or hotel staff? Contradictory reports on actress's last hours https://t.co/7qXYUZWuPK"""
2018-02-26 19:01:28,b'Shame on the collective profession of news journalism! A human being has died and most of you are having a collective orgy in a freaking bathtub! Most of you sold your conscience long ago is well known but you have turned into the devil reincarnated! #Sridevi'
2018-02-26 19:01:22,"b'Sridevi may have died due to Accidental Drowning, but Indian Media should drown voluntarily. Chullu bhar paani mein.'"
2018-02-26 19:01:21,"b'An open letter to God\n\nDear God,\n\nA v good evening,\n\nOm Puri, Tom Alter, Vinod Khanna, Shashi Kapoor, Reema Lagoo and now Sridevi.\n\nI appreciate ur keen interest in Indian films. \n\nBut dear God,I hope you will take a little interest in Indian politics as well.\n\nThanks in advance.'"
2018-02-26 19:01:20,"b'Dear news channels, please stop this nonsense let #Sridevi rest in peace. And yes women do drink alcohol why is it an issue?   #CheapSensationalism.'"
2018-02-26 19:01:20,"b'@PawanDurani @iamsrk Dude you have a blue tag? Myfoot! Not everyone cries in tv studio/twitter, few man rather chose rain. You wont understand!! @TwitterIndia #Sridevi'"
2018-02-26 19:01:19,b'@idurveshjadhav exactly i got to know about divya bharti few years ago and after doing proper research i really feel bad for her!!! something same happened to sridevi'
2018-02-26 19:01:15,"b'Look at the fate, sridevi died due to accidental drowning in doobai.'"
2018-02-26 19:01:10,b'#Sridevi forensic report says she drowned in hotel bathtub after losing consciousness #india #indiaNews #bollywood #dubai #DubaiPolice #RIP\n https://t.co/FpZvgF3hWp'
2018-02-26 19:01:07,"b'Sridevi died twice, first in Dubai then on our News TV channels.\n#SrideviDeathMystery'"
2018-02-26 19:01:05,b'Sridevi last minute pictures in Emirates Tower hotel l Heart Attack Exclusive Photos Dubai YouTu: https://t.co/dLkuaNZ5v8 via @YouTube'
2018-02-26 19:01:00,b'Remembering the timeless glamor of Sridevi. https://t.co/UQzZuRJ8XD'
2018-02-26 19:00:59,"b""Bollywood star Sridevi Kapoor 'accidentally drowned in hotel bath'\xc2\xa0 https://t.co/SOSg8cX1FH"""
2018-02-26 19:00:53,"b""#Sridevi 's death is ______...\n\n#SrideviDeathMystery"""
2018-02-26 19:00:44,b'@priyaadivarekar @Utkarsha_desai Its so much more saddening that our own people who adored #Sridevi ji .... are drowning to such ugly level ! #RIPSridevi #ThingsICantAccept'
2018-02-26 19:00:44,b'Why SO Much Judgement \xe2\x80\x93 Let Her Rest In Peace #Sridevi . https://t.co/VCmdeI4zeR #WriteUpCafe'
2018-02-26 19:00:33,"b'After Tributes To Sridevi, Deepika And Ranveer Visit Anil Kapoor https://t.co/gtvX7ktUx1 #news #Entertainment https://t.co/yVBobfCjin'"
2018-02-26 19:00:32,b'@TheShilpaShetty RIP Sridevi ji\nMiss you'
2018-02-26 19:00:27,"b'Sridevi\xe2\x80\x99s cause of death was ""accidental drowning"" after ""loss of consciousness,"" autopsy report says https://t.co/5VAKkUYIV7 https://t.co/vbRLLnRtxt'"
2018-02-26 19:00:25,"b""It's all trp game of who will solve the case first @republic @TimesNow \n@aajtak or @indiatvnews\n\nKudos to @ndtv , atleast they are showing report on employment problem in prime time slot.\n\nRIP #Sridevi https://t.co/37B4aK6OZp"""
2018-02-26 19:00:23,"b'Sridevi Kapoor, Bollywood\xe2\x80\x99s First Female Superstar, Dies at 54 https://t.co/XFi9eLGT0b https://t.co/LBVRFMEzXZ'"
2018-02-26 19:00:20,"b""You know what's sad?\nThat, 'Sridevi Death Mystery' has now become a 'trending' hashtag.\n\nSeriously tho, why is this world becoming so insensitive?"""
2018-02-26 19:00:14,b'Pls check Rigor Mortis &amp; check Phone Record #SrideviDeathMystery #TOISA2018 #TimeisNow #republictv #wion #aajtak #SrideviDeathMystery #sridevi'
2018-02-26 19:00:12,"b""\xe2\x9a\xa1\xef\xb8\x8f \xe2\x80\x9cSridevi's death was caused by 'accidental drowning,' says forensic report\xe2\x80\x9d\n\nhttps://t.co/HExu1lv07n"""
2018-02-26 19:00:09,"b""Sridevi died due to 'accidental drowning'; her mortal remains likely to reach India on Tuesday https://t.co/QV7uYXuDJJ"""
2018-02-26 19:00:05,"b""My Sridevi: Read a chapter on the veteran actress from Ram Gopal Varma's memoir Guns and Thighs - Entertainment News, Firstpost https://t.co/6wlXLYwfE5"""
2018-02-26 19:00:05,b'Boney Kapoor questioned | https://t.co/mA4gSDYEXU'
2018-02-26 19:00:03,"b""Sridevi died due to 'accidental drowning'; her mortal remains likely to reach India on Tuesday\n#Sridevifuneral\n#SrideviDeathTwist\n\nhttps://t.co/RSSFnd58LA https://t.co/i6tUTSw9RN"""
2018-02-26 19:00:03,b'These 15 unknown facts about Sridevi will shock you https://t.co/x1f9Mu9gKf #RIPSridevi #BollywoodDiva https://t.co/mR5XU3yvi8'
2018-02-26 19:00:02,b'Late SRIDEVI Updates: Anant Ambani &amp; Mohit Marwah With Newlywed Wife Visit Jhanvi Kapoor &amp; Family: https://t.co/6Phfj5rtYz via'
2018-02-26 19:00:01,"b'Sridevi died twice, first in Dubai then on our News TV channels.\n\n#SrideviDeathMystery'"
2018-02-26 18:59:57,"b""Sridevi death Fans gather at Anil Kapoor's home   TV9 https://t.co/qZCsekJZtx"""
2018-02-26 18:59:54,"b""@Deepikasbee Still it's hard to forget divya bharti's tragedic death! \nWhen I got about her death I was like how! How it is possible!? \nAnd in SRIDEVI's matter I too sense something fishy! \nMoreover, now I think it's not accidental at all!"""
2018-02-26 18:59:53,b'Sridevi forensic report says she drowned in hotel bathtub after losing consciousness\n\nMuzaffarpur accident:... https://t.co/Zhv6KYwG7V'
2018-02-26 18:59:49,b'Another Death Mystery? Twitter Is Not Ready To Believe That Sridevi Died Of Drowning https://t.co/dg0yKxVCyU'
2018-02-26 18:59:43,b'When a celebrity dies :\nForeign media : R. I. P\nIndian Media  : T. R. P \xf0\x9f\x98\x92\xf0\x9f\x98\x92\n\n#Sridevi #SrideviDeathMystery Accidental Drowning\n#SyriaIsBleeding #Syria #syrianchildren #SylvesterStallone \n\n#Sridevi'
2018-02-26 18:59:41,"b""Shah Rukh Khan also visited Anil Kapoor's residence #sridevi\n\nhttps://t.co/bF9GMAeka9"""
2018-02-26 18:59:40,"b""Sridevi death Fans gather at Anil Kapoor's home TV9 https://t.co/KPCOGgUEGo"""
2018-02-26 18:59:39,"b""No of people having opinion on other current affairs VS No of people having opinion on Sridevi's death\n#SrideviDeathMystery https://t.co/T5TIbHXdM4"""
2018-02-26 18:59:38,"b""Who found Sridevi, Boney Kapoor or hotel staff? Contradictory reports on actress's last hours https://t.co/5PHJlb9Xuo"""
2018-02-26 18:59:34,"b""@navdeepsuri Sorry to bother you. Kindly ban the news channels of India as they are above cia, fbi and will unravel the mystery of sridevi's death sitting 1000s of Miles away with step by step analysis and aketches, investigation. They will do anything for trps and sensational news #sridevi"""
2018-02-26 18:59:29,b'RIP Sridevi\n#RIPSridevi\n#SrideviDeathMystery https://t.co/gopUF4GtfZ'
2018-02-26 18:59:28,"b""Sridevi death Fans gather at Anil Kapoor's home   TV9 https://t.co/5CinsvM60R"""
2018-02-26 18:59:27,b'Sridevi\xe2\x80\x99s LIVE Update BONY KAPOOR DAUGHTER &amp; OTHERS CELEBS ! sridevi at dubai properties \xe2\x80\x93 Dubai\xc2\xa0Video https://t.co/Aos9YweXxS https://t.co/mGQb3CIFlh'
2018-02-26 18:59:26,"b'@WIONews One thing is necessary, for that no one can deny. A proper investigation is must for the sake of justice to Sridevi ji. And ofcource, it is not job of media but of the police &amp; law.'"
2018-02-26 18:59:25,b'In memory: Here are some pictures that prove Sridevi was the ultimate fashion icon of all time https://t.co/DtsKjojlgM'
2018-02-26 18:59:25,"b""via @Newsweek Who Is Boney Kapoor, Sridevi\xe2\x80\x99s Husband? Bollywood Producer Remains Silent on Wife's Death https://t.co/IJGcgmH5lH https://t.co/mP0RqGf9KU"""
2018-02-26 18:59:21,b'I liked a @YouTube video https://t.co/wgWWwrpYZe Foreign media on Bollywood heroine SRIDEVI passed away age of 54 years'
2018-02-26 18:59:14,"b""Bollywood star Sridevi Kapoor 'drowned in hotel bath' https://t.co/Ytga2U0VYD https://t.co/Q5MUHunFPC"""
2018-02-26 18:59:13,"b'Sridevi, popular Bollywood star, dies at 54 - Washington Post https://t.co/ppC0hgTnWp #FansnStars https://t.co/CN9lEDSzwO'"
2018-02-26 18:59:05,b'RIP #SriDevi An absurd death... \xf0\x9f\x98\xb0 https://t.co/0Q99uIgBaZ'
2018-02-26 18:58:56,"b""'Indian embassy trying hard to send mortal remains of Sridevi to India'\nhttps://t.co/SbdQlJAJ9R https://t.co/sR2Hkv9iC1"""
2018-02-26 18:58:56,b'#SrideviDeathMystery \n\nI see pics of #Sridevi  and Bonny every day since She is my fab Actor..... Bt this time my eyes were on Bonny..... https://t.co/Q4s8ku8CLR'
2018-02-26 18:58:55,"b'Its damn enough. Media is flowing and going on and on and on. Nobody talks about #Soldiers  sacrificing their lifes on borders and in Kashmir for the nation, but death of  Sridevi is mistrious. #IndianArmy #SrideviDeathMystery'"
2018-02-26 18:58:46,"b""Shashi Tharoor what's your take on #Sridevi's Death?#SrideviDeathMystery #sridevideath"""
2018-02-26 18:58:41,b'Why isn\xe2\x80\x99t Indian Media showing this luxury suite of @JumeirahET where #Sridevi was staying and breathed her last? #SrideviDeathMystery https://t.co/so44iejUHa'
2018-02-26 18:58:40,"b'Dear Yamraj,\n\nOm Puri,  Reema Lagoo ,Sridevi\xe2\x80\xa6 and many more ,We appreciate your keen interest in Indian Films.\nPlease show some interest in Indian Politics too.  We have many eligible candidates !!\nHope you would take immediate action..  Thanking you in advance!!'"
2018-02-26 18:58:40,b'Why did you kill Sridevi and leave me here? Ram Gopal Varma\xe2\x80\x99s furious letter to God https://t.co/yQ4GlIGIOy'
2018-02-26 18:58:38,"b""#KamalHaasan arrives at #AnilKapoor's house in #Mumbai \n#Sridevi #RIPSridevi https://t.co/HnoT6a06Q1"""
2018-02-26 18:58:29,b'How Do You rate The #IndianMedia Coverage in #SrideviDeathMystery ?\n\n#Sridevi \n#sridevideath \n#RIPSridevi \n#sridevideath'
2018-02-26 18:58:16,b'Madhuri dixit breaks down at sridevi funeral. oho my Madhuri \xf0\x9f\x98\x9e https://t.co/mHQZFllByl'
2018-02-26 18:58:10,"b""@TheShilpaShetty Time not to celebrate,  it's time to think is Sridevi Death a natural or un-natural....??? And than take action on that....  She need justice.... And we her fans need to come up..."""
2018-02-26 18:58:05,"b'Sridevi may have died due to Accidental Drowning, but Indian Media should drown voluntarily. Chullu bhar paani mein.'"
2018-02-26 18:58:04,b'I hate God for killing Sridevi \n\nand I hate Sridevi for dying. Ram Gopal Varma'
2018-02-26 18:57:59,b'So 9 kids were brutally killed by Bihar BJP neta driving under influence of Alcohol but Indian Media is busy hypothecating alleged murder of #Sridevi #Priorities'
2018-02-26 18:57:58,b'Retweeted barkha dutt (@BDUTT):\n\nThe only answer to these #Sridevi hideous hashtags on news tv tonight is one of... https://t.co/lPOa85h2WH'
2018-02-26 18:57:53,"b'Bollywood star Sridevi Kapoor drowned in the bath, a cause of death more common than you\xe2\x80\x99d think https://t.co/PA8LcCKCsO'"
2018-02-26 18:57:53,b'Today Early Morning Social Media Active #SriDevi No one Says About #Syria. \nOver 500 ppl hv been killed in... https://t.co/6BQsiKz5aO'
2018-02-26 18:57:53,"b'Since Boney Kapoor was going through financial problems, could it be that he couldn\xe2\x80\x99t finance anymore films for Sridevi after \xe2\x80\x98Mom\xe2\x80\x99 &amp; \xe2\x80\x98Tevar\xe2\x80\x99 failed commercially; this might have upset Sridevi which led to arguments and..\n\n#SrideviDeathMystery #Sridevi #srideviBkapoor #RIPSridevi https://t.co/2EgwBokb89'"
2018-02-26 18:57:51,"b""As per Indian media sridevi death is going sunanda pushkar way.. If it's true efforts of Indian media will be applauded but what if it is not true? Defaming someone post death is not good idea.. Stop judging n let officials do their work"""
2018-02-26 18:57:46,b'In memory: Here are some pictures that prove Sridevi was the ultimate fashion icon of all time https://t.co/liqksQMJkD'
2018-02-26 18:57:43,b'Never knew I could witness such a significant evolution in my lifetime. The Indian media has evolved into parasites. Literally living off the dead.  #Sridevi'
2018-02-26 18:57:38,b'Okay so I\xe2\x80\x99ve just realised that until I know the truth about Sridevi\xe2\x80\x99s death I won\xe2\x80\x99t be able to live peacefully. I have no connection to her. I haven\xe2\x80\x99t watched a single movie of her\xe2\x80\x99s. But still. She was an icon in every aspect. Ya feel me?'
2018-02-26 18:57:32,"b""Dear Media/Journalists (If honestly u are) Let #Sridevi Ma'am Rest in peace &amp; highlight the issues related to bank frauds in recent times , Death of farmers, u can also cover on #Madhu ..trust me u will get more TRPs.. Please leave her rest in peace #SrideviDeathMystery"""
2018-02-26 18:57:31,"b'#SrideviDeathMystery #sridevi #sridevideath if late still coming to light #dirtysecretsofbollywood.\nAlcohol, smoking, Sex, Nepotism what to say about the so called celebrities. Time to learn something from the legendary @AmitabhBachan #'"
2018-02-26 18:57:29,b'Its amazing how people go from calling sridevi an icon and saying how much she inspired them to blatantly passing speculations and judgements on how she died..\n#SrideviDeathMystery'
2018-02-26 18:57:25,"b'Dear Yamraj,\n\nShashi Kapoor, Vinod Khanna,Om Puri,Reema Lagoo and now Sridevi..  We appreciate your keen interest in Indian Films.\nPls show sum interest in Indian Politics too. We have many eligible personas.\nHope you would take immediate action..Thanking you in advance.. \xf0\x9f\x98\x9c\xf0\x9f\x98\x9c\xf0\x9f\x98\x9c'"
2018-02-26 18:57:25,"b""As one of my friends rightly pointed out, we should be concentrating more on #BJPNetaHitAndRun #ManojBaitha's accident which resulted in the death of 9 children than the mystery around Sridevi's death. How can ensure that a fair trial happens and the culprit is put behind bars?"""
2018-02-26 18:57:23,"b""You can see these people on every news channel for the last 48 hours:\n\n- Reporter outside Sridevi's house\n- Reporter in Dubai\n- Cardiologist in the studio\n- Actors/Directors/Spot boys giving condolence message\n- Detectives inspired by CID &amp; Crime Patrol\n\n#SrideviDeathMystery"""
2018-02-26 18:57:16,"b'Indian Media,congratulations on hitting another low with your sickening sensationalism around #Sridevi\xe2\x80\x99s death and competing on being first to put forth any news that is surfacing.And yeah keep sending more cameras to cover all celebs, none should be missed.\n\n#RIPSridevi'"
2018-02-26 18:57:14,b'I liked a @YouTube video https://t.co/3p3RWn8lcJ Sridevi | Reaction 1'
2018-02-26 18:57:11,b'#Sridevi dies by drowning in a bath tub  after loss of consciousness. How deep are water tubs and that too in a desert state?! Who is buying this story?'
2018-02-26 18:57:10,"b""Sridevi And Anil Kapoor's Last Lamhe. Video Of Them Dancing Goes Viral https://t.co/mCEFUqnxKf via @ndtv"""
2018-02-26 18:57:09,b'I am not getting in my #Bathtub anymore. \xf0\x9f\x98\xb1\n#Sridevi https://t.co/YG4lWbn4Hh'
2018-02-26 18:57:05,b'cant believe in this fake story when sridevi ji  is drank how can se fill the bath tub with water and while felling down toward the bath tub her head does not bang any other place how can be it can be possible cant understand this story#SrideviDeathMystery'
2018-02-26 18:57:05,"b""[Hindu] Ms. India: on Sridevi's pan-India appeal: The entire Indian film industry was Sridevi\xe2\x80\x99s playground https://t.co/as1pw0bRP0 https://t.co/LdtI3yHuwO"""
2018-02-26 18:57:04,"b'@sardesairajdeep Must say your program on Sridevi was much better than the so called "" investigative  crap ""on other channels. A tribute is much better than what channels were doing- speculating!.'"
2018-02-26 18:57:04,"b'Damn these news channels!! This anchor is in the bathroom speculating and sensationalising #Sridevi death. U don\xe2\x80\x99t let people live in peace, at least let them die in peace.The initial news of cardiac arrest was ur own botched up reporting,speculate on that!! #SrideviDeathMystery https://t.co/TUM7uyi9Ao'"
2018-02-26 18:57:01,"b""What Sridevi would have said\nIf she was alive #Sridevi\n\nThe media assholes won't leave her now to Die in peace too https://t.co/3gWKiz0702"""
2018-02-26 18:57:00,"b""BREAKING NEWS \n\n#Superstar #Rajinikanth arrives at #AnilKapoor's house in #Mumbai \n#Sridevi #RIPSridevi https://t.co/Wqu9DhsZMK"""
2018-02-26 18:56:59,"b""'Being a @MadhuriDixit fan in a world without #Sridevi has no meaning.'"""
2018-02-26 18:56:58,b'#SrideviDeathMystery\nDo you think Indian Medias senselessly using #Sridevi death issue by reporting insensitive assumptions and harming privacy of demised superstar for mere TRP Sake? #sridevideath #Shridevi #SrideviDeathTwist #MediaShow'
2018-02-26 18:56:56,"b""This man thinks one needs to tweet to show one's grief...\nGrow up mr @PawanDurani .. \nHe doesn't need to tweet to show u how much he cares for sridevi.\nDelete this tweet ASAP https://t.co/OEKwMnqzNe"""
2018-02-26 18:56:56,"b""\xe2\x9a\xa1\xef\xb8\x8f \xe2\x80\x9c'Sensational' reporting on Sridevi Kapoor's death condemned\xe2\x80\x9d\n\nhttps://t.co/O9Yqvfpt34"""
2018-02-26 18:56:54,b'@sardesairajdeep MODI SHAH JOOTLY BJP RSS will be partying ALL night and also they will be very thankful to Sridevi for this diversion from real issues \xf0\x9f\x98\xb1'
2018-02-26 18:56:53,b'@BDUTT #NewsKiMaut she was(is) family to me since my childhood.why these tv morons r doing all this with MY #Sridevi. are they out of real issues??cant stop crying while seeing all this'
2018-02-26 18:56:50,b'I liked a @YouTube video https://t.co/1YCXR3m7As Sridevi | Reaction 2'
2018-02-26 18:56:48,"b'@MirrorNow @fayedsouza And yet you had to highlight ""No speculation on Sridevi\'s death"" rather than having no say at all. Bravo. Standing Ovation.'"
2018-02-26 18:56:48,b'Iffi 2018\xe2\x80\x99s homage section may feature Sridevi films https://t.co/YaPfjXfmSB'
2018-02-26 18:56:47,"b""All the loop holes in sridevi's death story and Boney kapoor's changing statements about the incident one after another point out that it was a murder not an accidental death.\nWhy did he hide that he found the deadbody drowned in water in the bathtub?\n #SrideviDeathMystery"""
2018-02-26 18:56:47,"b""May your soul rest in peace Sridevi ma'am. We love you ...we will miss you... &amp; we will ALWAYS remember you! \xe2\x9d\xa4"""
2018-02-26 18:56:46,b'Indian Media has always been \xf0\x9f\x92\xa9 #Sridevi https://t.co/fSiGPdhfGt'
2018-02-26 18:56:40,"b'I was seeing movie ""MOM"" during I was seeing it.. I felt emotional.. Crying.. Bcoz of #sridevi ji ki acting  \n\n""MOM"" always fights for her children.. In every situation..!! \n#respectmom #srideviji'"
2018-02-26 18:56:40,"b'Indian Media,congratulations on hitting another low with your sickening sensationalism around #Sridevi\xe2\x80\x99s death and competing on being first to put forth any news that is surfacing.And yeah keep sending more cameras to cover all celebs, none should be missed.\n\n#SrideviDeathMystery'"
2018-02-26 18:56:40,"b""Bollywood star Sridevi Kapoor 'accidentally drowned in hotel bath'\xc2\xa0' | via @telegraph https://t.co/Lx9XQnjlOd"""
2018-02-26 18:56:40,b'STOP SPREADING FAKE NEWS REGARDING SRIDEVI JII FOR PUBLICITY'
2018-02-26 18:56:39,"b""When the train stays on the tracks you don't ask why.-- Marty Rubin\n\n#SrideviDeathMystery \n #Sridevi Accidental Drowning"""
2018-02-26 18:56:33,"b""I totally condemn all those people, channels who's out there to malign \n#Sridevi after her death which their wishful thinking. Only one channel stayed away from it and that's @MirrorNow and anchor @fayedsouza. \n#SrideviDeathMystery @Simi_Garewal @sanjayuvacha\n#RIPSridevi https://t.co/SN4mTOh603"""
2018-02-26 18:56:29,b'@ndtv While you all are debating whether Sridevi was a nation super star or a Bollywood star or a Kollywood star...please keep in mind that she was awarded 4th highest civilian award PADMA SHRI. Respect this award.'
2018-02-26 18:56:25,b'#Superstar #Rajinikanth visited #AnilKapoor residence now #SrideviDeathMystery #Sridevi @RIAZtheboss https://t.co/lTv1WFNa4w'
2018-02-26 18:56:23,b'Difference in policing and law enforcement for you.....\nSunands pushkar death in India vs #Sridevi death in Dubai...india needs to learn their act'
2018-02-26 18:56:22,"b""@Youae12 @gulf_news No... Autopsy report mentions traces of alcohol were found in Sridevi's blood."""
2018-02-26 18:56:21,"b""BBC News - Bollywood star Sridevi Kapoor 'drowned in hotel bath' https://t.co/R9D6fFYu1T"""
2018-02-26 18:56:18,b'Nirav Modi esctatic with #Sridevi death. The media is finally talking about something else.He can finally take a deep breath and relax.  #RIPSridevi #SrideviDeathTwist'
2018-02-26 18:56:15,"b'@republic are you retard or the nation has lost all other points of debate...der are many issues- bank,farmers,employment , tribal death, soldiers death... but really indian media sucks.. #SrideviDeathMystery #Sridevifuneral #SrideviDeathTwist #Sridevi'"
2018-02-26 18:56:13,"b'Be it death of #Sridevi or #Sunanda or death of humanity at #Syria or at any place,life is with a reality called death,which no human,however &amp; whoever it may be can deny and thus every human should be prepared/should make their life by living life with humanity,humanity,humanity'"
2018-02-26 18:56:06,b'Who are we to her that we are owed an explanation please we only know her as the very talented lady who has entertained us all over the years hence please stop stupid discussions and show respect #Sridevi'
2018-02-26 18:55:59,"b'Sridevi Remembered By Chandni Co-Star, Rishi\xc2\xa0Kapoor https://t.co/44s5YS1tPu'"
2018-02-26 18:55:55,"b""@ndtv #GhoutaGenocide \n\nInnocent civilians including kids are being killed in Syria everyday and it has heated up in the last five days. But media is busy covering death of legendary #Sridevi because it's more of TRP. \n\n#Syriaisbleeding"""
2018-02-26 18:55:51,"b""sridevi's death is shocking as she used to generate huge revenue to entertainment industry. but, what about the people who died while queuing in the A.T.M.'s counter while demonetization effected in our country? sad to see such brazen attitude of media! https://t.co/i4lURQnbRq"""
2018-02-26 18:55:48,"b'it is very much #Possible that #bonnykapoor forcefully pushed #Sridevi in water until her last breath then called police.there must had been some issue between them,for which he returned back to hotel after cancelling his Mumbai return #SrideviDeathMystery @DubaiPoliceHQ https://t.co/HI6wMOQp2e'"
2018-02-26 18:55:47,"b""@Yogi4Adityanath Indian investigation is must needed for #SrideviDeathMystery otherwise Sridevi Ji 'll loss all respect for being a drunkard woman who unable to handle herself. #Bewdi  How can ppl respect her for that? Wife/Daughter/Mom"""
2018-02-26 18:55:43,b'@SrBachchan Namasthe Sir...hello...my fav childhood movie was khuda gawah...seeing Sridevi n U is a remembrance for me....i hv created twitter act just to get connect U....Live  A  Healthy Great  Life Sir....God Bless U Always...Love Archana....'
2018-02-26 18:55:41,"b""#Sridevi | @superstarrajini, @iamsrk and #GauriKhan arrive at @AnilKapoor's residence\nLIVE updates: https://t.co/NUJCtDZnmF https://t.co/TtfU14W3Ry"""
2018-02-26 18:55:29,"b""Wait for Sridevi's final homecoming gets prolonged -STORY CHANGING BY HOUR: FIRST HEART ATTACK, THEN PLASTIC SURGERY MEDICATIONS, NOW DROWNING STORY, OWN FAMILY LEFT HER TO DIE IN DUBAI HUSBAND EVASIVE ABOUT ACTUAL CAUSE - IT IS A MURDER ! STUPID BW DOESN'T ACKNOWLEDGE IT SO FAR https://t.co/nBADpLEb5q"""
2018-02-26 18:55:21,"b""\xf0\x9f\x98\x82\xf0\x9f\x98\x82\xf0\x9f\x98\x82Look at this idiot\xf0\x9f\x91\x89 @meamabhishek 's Conspiracy theory on #Sridevi 's death.\n#SrideviDeathMystery https://t.co/uEUDkZ15hp"""
2018-02-26 18:55:20,b'#SrideviKapoor\xe2\x80\x99s Cause Of Death Confirmed As Accidental Drowning\xe2\x80\xa6 She Was Tipsy https://t.co/sJAAiI84Xj https://t.co/FSpwErUnJr'
2018-02-26 18:55:15,"b""#Superstar #Rajinikanth arrives at @AnilKapoor's house in #Mumbai \n#Sridevi #RIPSridevi https://t.co/l3wLKwqTwQ"""
